,Location ID,City Area,Name,Address,Latitude,Longitude,Rating,Total Reviews,Place ID,Google Maps URL,full_location
0,LOC_1,Alwarpet,"Naturals Salon & Spa CP Ramaswamy road , Alwarpet in Chennai","No.37, 1st Floor, CP Ramaswamy Iyer Rd, opp. to Nilgiris, Alwarpet, Chennai, Tamil Nadu 600018, India",13.0325117,80.2569712,4.6,1078,ChIJB0quoslnUjoRf_vm8BiGHsM,https://www.google.com/maps/place/?q=place_id:ChIJB0quoslnUjoRf_vm8BiGHsM,"Alwarpet Naturals Salon & Spa CP Ramaswamy road , Alwarpet in Chennai"
1,LOC_2,Alwarpet,Naturals Lounge TTK,"No.220, Mowbrays Flats, TT Krishnamachari Rd, next to Dr.Agarwals Eye Hospital, Alwarpet, Chennai, Tamil Nadu 600018, India",13.0436909,80.2594781,4.6,656,ChIJfwi_pjZmUjoRtNJzL20D2-A,https://www.google.com/maps/place/?q=place_id:ChIJfwi_pjZmUjoRtNJzL20D2-A,Alwarpet Naturals Lounge TTK
2,LOC_3,Alwarpet,Naturals Salon,"No 220, Mowbrays Flats, TT Krishnamachari Rd, next to Dr Agarwals Eye Hospital, Parthasarathypuram, Alwarpet, Chennai, Tamil Nadu 600018, India",13.0436178,80.2594846,5.0,1,ChIJ1cEdFYpnUjoRBTQevSN3-mU,https://www.google.com/maps/place/?q=place_id:ChIJ1cEdFYpnUjoRBTQevSN3-mU,Alwarpet Naturals Salon
6,LOC_1,"Adambakkam, Brindavan Nagar",Naturals Salon,"N37 First Flr, 2nd Street Shawalace Col, Brindavan Nagar, Adambakkam, Chennai, Tamil Nadu 600088, India",12.9865709,80.2051812,4.9,353,ChIJD93nXvxdUjoRinIO5qSoRrc,https://www.google.com/maps/place/?q=place_id:ChIJD93nXvxdUjoRinIO5qSoRrc,"Adambakkam, Brindavan Nagar Naturals Salon"
7,LOC_2,"Adambakkam, Brindavan Nagar",Naturals Salon,"No.16A/17, Secretariat Colony Main Road, City Link Road, above Easyday Club, Adambakkam, Chennai, Tamil Nadu 600088, India",12.9973019,80.2072451,4.6,1363,ChIJP8-7AF1nUjoR3_YHwKTtq28,https://www.google.com/maps/place/?q=place_id:ChIJP8-7AF1nUjoR3_YHwKTtq28,"Adambakkam, Brindavan Nagar Naturals Salon"
10,LOC_1,Adyar,Naturals Salon,"Ground Floor, Ceebros Enclave, No. 31, 1st Main Rd, Gandhi Nagar, Adyar, Chennai, Tamil Nadu 600020, India",13.007167,80.2516004,4.2,802,ChIJT28vgJNnUjoRiPj-mGCrlOA,https://www.google.com/maps/place/?q=place_id:ChIJT28vgJNnUjoRiPj-mGCrlOA,Adyar Naturals Salon
11,LOC_2,Adyar,Naturals Salon,"1st Floor, 55, Indira Nagar, Adyar, Chennai, Tamil Nadu 600020, India",12.9988889,80.2518418,4.5,995,ChIJUVZIAY1nUjoRXhgyHIOnkjg,https://www.google.com/maps/place/?q=place_id:ChIJUVZIAY1nUjoRXhgyHIOnkjg,Adyar Naturals Salon
12,LOC_1,Agaramthen Road,Naturals Salon,"38, Velachery Bypass Rd, above Dindukkal, Vijaya Nagar, Velachery, Thalapakati, Chennai, Tamil Nadu 600042, India",12.9774436,80.2192512,4.8,2015,ChIJq7BiIZBdUjoRkjOu4SwVNa0,https://www.google.com/maps/place/?q=place_id:ChIJq7BiIZBdUjoRkjOu4SwVNa0,Agaramthen Road Naturals Salon
13,LOC_2,Agaramthen Road,Naturals Salon,"32, 2nd Floor, Bazaar Road, James St, Ram Nagar, Madipakkam, Chennai, Tamil Nadu 600091, India",12.9651675,80.2079899,4.9,1163,ChIJTcPgaMZdUjoR0CTDJwMc9sU,https://www.google.com/maps/place/?q=place_id:ChIJTcPgaMZdUjoR0CTDJwMc9sU,Agaramthen Road Naturals Salon
14,LOC_3,Agaramthen Road,Naturals Salon,"SN 1 to 3, No 137, 2nd Flr, Grand Square, Velachery - Tambaram Main Rd, V.O.C Nagar, Doctor Seetaram Nagar, Velachery, Chennai, Tamil Nadu 600042, India",12.9718868,80.2206745,4.8,338,ChIJ38JlxW1lUjoRVB-uo0b6CZQ,https://www.google.com/maps/place/?q=place_id:ChIJ38JlxW1lUjoRVB-uo0b6CZQ,Agaramthen Road Naturals Salon
15,LOC_4,Agaramthen Road,Naturals Salon & Spa Velachery,"Sri Balaji Complex, 52, Velachery Rd, Dhadeswaram Nagar, Velachery, Chennai, Tamil Nadu 600042, India",12.9823166,80.2215873,4.5,1994,ChIJH0FMN5ddUjoRJOS0dFBFnns,https://www.google.com/maps/place/?q=place_id:ChIJH0FMN5ddUjoRJOS0dFBFnns,Agaramthen Road Naturals Salon & Spa Velachery
17,LOC_6,Agaramthen Road,Naturals Salon,"1, 1st Cross Street Baby Nagar, Seshadripuram, Velachery, Chennai, Tamil Nadu 600042, India",12.9807477,80.2293071,4.6,1833,ChIJNTtp3wxdUjoRpV-L4cf8_9M,https://www.google.com/maps/place/?q=place_id:ChIJNTtp3wxdUjoRpV-L4cf8_9M,Agaramthen Road Naturals Salon
18,LOC_7,Agaramthen Road,Naturals Salon,"20, Rajeshwari Nagar Main Rd, Balaji Nagar, Puzhuthivakkam, Ponnusamy Nagar, Perumal, Chennai, Tamil Nadu 600091, India",12.9737425,80.1916201,4.7,1076,ChIJGzLiouNdUjoRDozTmVh2BVM,https://www.google.com/maps/place/?q=place_id:ChIJGzLiouNdUjoRDozTmVh2BVM,Agaramthen Road Naturals Salon
19,LOC_8,Agaramthen Road,Naturals Salon W - Women's Exclusive,"2nd Floor, Landmark Heavens Sampoorna, No 31, 100 Feet Rd, Indira Gandhi Nagar, Velachery, Chennai, Tamil Nadu 600042, India",12.9912653,80.21566969999999,4.7,923,ChIJ5_3KjWJnUjoRdvf4SUXOpac,https://www.google.com/maps/place/?q=place_id:ChIJ5_3KjWJnUjoRdvf4SUXOpac,Agaramthen Road Naturals Salon W - Women's Exclusive
20,LOC_9,Agaramthen Road,Naturals Salon,"1, Road, near Head Secretariat Office Quarter, Kaspapuram, Tiruvanchery, Madambakkam, Agaramthen, Chennai, Tamil Nadu 600126, India",12.8896431,80.1430728,5.0,1,ChIJc2rZU8NZUjoRpHxFHkKBqzw,https://www.google.com/maps/place/?q=place_id:ChIJc2rZU8NZUjoRpHxFHkKBqzw,Agaramthen Road Naturals Salon
23,LOC_1,Ambattur,Naturals Salon,"174/11, S Park St, Venkatapuram, Ambattur, Chennai, Tamil Nadu 600053, India",13.1176221,80.1542068,4.6,1742,ChIJgaWoEqljUjoRPzkVxhnVIDs,https://www.google.com/maps/place/?q=place_id:ChIJgaWoEqljUjoRPzkVxhnVIDs,Ambattur Naturals Salon
24,LOC_2,Ambattur,Naturals Salon,"No 49, JS Tower, Ambattur Red Hills Rd, above Nilgiris, Rajiv Gandhi Nagar, Pudur, Ambattur, Chennai, Tamil Nadu 600053, India",13.1261206,80.15331259999999,4.7,1467,ChIJZds2LQZjUjoRpoG3BDXNQYA,https://www.google.com/maps/place/?q=place_id:ChIJZds2LQZjUjoRpoG3BDXNQYA,Ambattur Naturals Salon
25,LOC_3,Ambattur,Naturals Salon,"R12F, 1st Floor, TNHB Layout KK Nagar, Narmada St, opposite A2B, ICF Employees Colony, Ayappakkam, Chennai, Tamil Nadu 600058, India",13.0963692,80.1468482,4.9,877,ChIJ0x60bjxjUjoRjfOiM_uoxy0,https://www.google.com/maps/place/?q=place_id:ChIJ0x60bjxjUjoRjfOiM_uoxy0,Ambattur Naturals Salon
28,LOC_3,Ambattur Red Hills Road,Naturals Salon,"2nd Floor, No 1/172A, Thiruvalluvar St, near GNT Road, Red Hills, Padianallur, Chennai, Tamil Nadu 600052, India",13.1914279,80.1854925,4.5,651,ChIJvdtVN6B8UjoRFKrCSVHyVwc,https://www.google.com/maps/place/?q=place_id:ChIJvdtVN6B8UjoRFKrCSVHyVwc,Ambattur Red Hills Road Naturals Salon
30,LOC_1,Aminijikarai,Naturals Salon,"154, 1st Floor, No 24a, Nelson Manickam Rd, near Metha Nagar, Railway Colony, Aminjikarai, Chennai, Tamil Nadu 600029, India",13.0674211,80.22721229999999,4.5,722,ChIJX2cOPjxnUjoRehfttXmstSA,https://www.google.com/maps/place/?q=place_id:ChIJX2cOPjxnUjoRehfttXmstSA,Aminijikarai Naturals Salon
31,LOC_2,Aminijikarai,Naturals Salon,"1st Floor, No 87, Main Rd, above Pazhamuthir Nilayam, Razaak Garden, MMDA Colony, Arumbakkam, Chennai, Tamil Nadu 600106, India",13.069523,80.2154177,4.5,1149,ChIJt4F0HZpmUjoRX78UoYiNgX0,https://www.google.com/maps/place/?q=place_id:ChIJt4F0HZpmUjoRX78UoYiNgX0,Aminijikarai Naturals Salon
32,LOC_1,Anna Nagar - 6th Avenue,Naturals Salon,"6th Ave, Anna Nagar West, Z Block, I Block, Anna Nagar, Chennai, Tamil Nadu 600040, India",13.0925329,80.2088678,4.7,2314,ChIJWSuwwRdkUjoRfGJUB-GDhS4,https://www.google.com/maps/place/?q=place_id:ChIJWSuwwRdkUjoRfGJUB-GDhS4,Anna Nagar - 6th Avenue Naturals Salon
34,LOC_2,Anna Nagar West,Naturals Salon,"Plot No R48, Door No 157, Tvs Avenue main road, Main Road, Anna Nagar, near Chennai Public School, TVS Colony, Chennai, Tamil Nadu 600101, India",13.0902017,80.1884115,4.8,1505,ChIJURm_4wdkUjoRRje_m9b990g,https://www.google.com/maps/place/?q=place_id:ChIJURm_4wdkUjoRRje_m9b990g,Anna Nagar West Naturals Salon
35,LOC_3,Anna Nagar West,Naturals Signature Salon & Spa Annanagar West,"D-Sector, Anna Nagar West Extension, Chennai, Tamil Nadu 600101, India",13.0929523,80.1970231,4.4,557,ChIJpyVytw9kUjoR5h-yM_dZZss,https://www.google.com/maps/place/?q=place_id:ChIJpyVytw9kUjoR5h-yM_dZZss,Anna Nagar West Naturals Signature Salon & Spa Annanagar West
36,LOC_4,Anna Nagar West,Naturals Signature Salon,"Old No.AG-28, New No.59, First Floor, 4th Ave, AG Block, River View Colony, Anna Nagar, Chennai, Tamil Nadu 600040, India",13.0820945,80.2159181,4.9,1386,ChIJHc9koLFlUjoRHaEW9qJFvgQ,https://www.google.com/maps/place/?q=place_id:ChIJHc9koLFlUjoRHaEW9qJFvgQ,Anna Nagar West Naturals Signature Salon
37,LOC_5,Anna Nagar West,Naturals Salon Anna Nagar West Extension,"Ground Floor, Flat 2 & 4, No-45, opp. to Kalyan Jewellers, Shantiniketan Colony, Anna Nagar West Extension, Chennai, Tamil Nadu 600101, India",13.0873814,80.193168,4.8,364,ChIJo236Z21lUjoRJmqOvDhKo4g,https://www.google.com/maps/place/?q=place_id:ChIJo236Z21lUjoRJmqOvDhKo4g,Anna Nagar West Naturals Salon Anna Nagar West Extension
38,LOC_6,Anna Nagar West,Naturals Salon,"1425, 13th Main Rd, Anna Nagar West, Anna Nagar, Chennai, Tamil Nadu 600040, India",13.0903764,80.2006261,4.8,17,ChIJja5TEThlUjoRqgoCEk-Jhx4,https://www.google.com/maps/place/?q=place_id:ChIJja5TEThlUjoRqgoCEk-Jhx4,Anna Nagar West Naturals Salon
39,LOC_7,Anna Nagar West,Naturals Salon,"No 1 C8 Kamaraj Square, Valayapathi St, Mogappair East, Chennai, Tamil Nadu 600037, India",13.0814655,80.1880262,4.7,961,ChIJ9bYgmf9jUjoRFj5jTvo6uDc,https://www.google.com/maps/place/?q=place_id:ChIJ9bYgmf9jUjoRFj5jTvo6uDc,Anna Nagar West Naturals Salon
40,LOC_8,Anna Nagar West,Naturals salon,"36PH+QCF, C-73,, C-73, D Block 1st Main Rd, R.V. Nagar, Block C, C Block, Annanagar East, Chennai, Tamil Nadu 600102, India",13.0831269,80.225201,4.3,470,ChIJaQiH1DJhUjoRlxzzTRuXcJU,https://www.google.com/maps/place/?q=place_id:ChIJaQiH1DJhUjoRlxzzTRuXcJU,Anna Nagar West Naturals salon
51,LOC_1,Ashok nagar,Naturals Signature Salon Ashok Nagar,"3/47, 11th Ave, opposite to KFC, Ashok Nagar, Chennai, Tamil Nadu 600083, India",13.0321445,80.2108944,4.8,858,ChIJ6cr6nWRnUjoRd8fxeM4MHQ0,https://www.google.com/maps/place/?q=place_id:ChIJ6cr6nWRnUjoRd8fxeM4MHQ0,Ashok nagar Naturals Signature Salon Ashok Nagar
52,LOC_2,Ashok nagar,Naturals Salon,"455, RK Shanmugam Salai, near KM Hospital, Sector 6, K. K. Nagar, Chennai, Tamil Nadu 600078, India",13.0377536,80.2012653,4.5,397,ChIJ5agNedlmUjoRP6QndZjlS3w,https://www.google.com/maps/place/?q=place_id:ChIJ5agNedlmUjoRP6QndZjlS3w,Ashok nagar Naturals Salon
53,LOC_1,Avadi,Naturals Salon,"New No 144, 1st Floor, New Military Rd, Thirumalai Rajapuram, Avadi, Tamil Nadu 600054, India",13.1172915,80.09635430000002,4.8,2223,ChIJFd7PaX9iUjoRgT_Eqwyvq-8,https://www.google.com/maps/place/?q=place_id:ChIJFd7PaX9iUjoRgT_Eqwyvq-8,Avadi Naturals Salon
54,LOC_2,Avadi,Naturals Salon,"No: 8, 1st Floor, Shanthi Garden, Poonamallee - Avadi High Rd, Paruthippattu, Thiruvallur, Avadi, Tamil Nadu 600071, India",13.0933566,80.1088168,4.8,1146,ChIJMeQDaKNjUjoRXZNgL9dyuDg,https://www.google.com/maps/place/?q=place_id:ChIJMeQDaKNjUjoRXZNgL9dyuDg,Avadi Naturals Salon
55,LOC_3,Avadi,Naturals Salon,"38, Chennai - Tiruvallur High Rd, near Mangalam Thirumana Mahal, Ambedkar Nagar, Thirumullaivoyal, Chennai, Tamil Nadu 600062, India",13.1307345,80.1353772,4.7,692,ChIJUbYAzdRjUjoRSjD6RqDd-gU,https://www.google.com/maps/place/?q=place_id:ChIJUbYAzdRjUjoRSjD6RqDd-gU,Avadi Naturals Salon
57,LOC_5,Avadi,Naturals Salon,"2, Chennai - Tiruvallur High Rd, near Pandiyan Ricemill Road, Thiruninravur, Tiruvallur, Tamil Nadu 602024, India",13.1252523,80.0396554,4.8,2184,ChIJ6eRQ0UiJUjoRlG2losOPhPo,https://www.google.com/maps/place/?q=place_id:ChIJ6eRQ0UiJUjoRlG2losOPhPo,Avadi Naturals Salon
58,LOC_6,Avadi,"Naturals Salon & Spa, Pattabiram","342, CTH road Chennai, Pattabiram, Tamil Nadu 600072, India",13.1225312,80.06056319999999,4.1,386,ChIJZfEOCVOIUjoRLDvAs5q9EJ0,https://www.google.com/maps/place/?q=place_id:ChIJZfEOCVOIUjoRLDvAs5q9EJ0,"Avadi Naturals Salon & Spa, Pattabiram"
61,LOC_9,Avadi,Naturals Salon & Spa Karayanchavadi,"70, Trunk Rd, Karayanchavadi, Poonamallee, Chennai, Tamil Nadu 600056, India",13.0466475,80.1104754,4.2,662,ChIJjyPil8RhUjoRBPR2ZBCU-jw,https://www.google.com/maps/place/?q=place_id:ChIJjyPil8RhUjoRBPR2ZBCU-jw,Avadi Naturals Salon & Spa Karayanchavadi
62,LOC_10,Avadi,Naturals Salon,"G2, Radhae Shyam Apartments, Vanagaram-Ambattur Rd, near Nilgiris Super Market, Vanagaram, Chennai, Tamil Nadu 600095, India",13.0633498,80.1523394,4.3,613,ChIJBSeDtHFhUjoRJ37Y8vAsf40,https://www.google.com/maps/place/?q=place_id:ChIJBSeDtHFhUjoRJ37Y8vAsf40,Avadi Naturals Salon
64,LOC_1,Aynavaram,Naturals Salon,"1st Floor, Adarsh Tower, No 328, Konnur High Rd, near Noor Hotel, KK Nagar, Ayanavaram, Chennai, Tamil Nadu 600023, India",13.098621,80.23342799999999,4.7,676,ChIJMVj2hMtlUjoRdo-uWw5n-LE,https://www.google.com/maps/place/?q=place_id:ChIJMVj2hMtlUjoRdo-uWw5n-LE,Aynavaram Naturals Salon
65,LOC_1,Bazullah Road T.Nagar,Naturals Salon,"76, Bazullah Rd, opposite Vivek Signalt Nagar, Parthasarathi Puram, T. Nagar, Chennai, Tamil Nadu 600017, India",13.0474693,80.23430909999999,4.6,1191,ChIJmbqvIjxnUjoRr2WmnSCysj0,https://www.google.com/maps/place/?q=place_id:ChIJmbqvIjxnUjoRr2WmnSCysj0,Bazullah Road T.Nagar Naturals Salon
66,LOC_1,Besant Nagar,Naturals Signature Salon,"No T24, Kkv Towers, Annai Velankanni Road, opposite Annai Velankanni Shrine, GOCHS Colony, Besant Nagar, Chennai, Tamil Nadu 600090, India",12.9957438,80.2695854,4.7,2279,ChIJlYM9yqRnUjoR9S1ZxF8HAoU,https://www.google.com/maps/place/?q=place_id:ChIJlYM9yqRnUjoR9S1ZxF8HAoU,Besant Nagar Naturals Signature Salon
67,LOC_1,Camp road,Naturals Salon,"No 3, Selaiyur, Tejraj Colony, Road, next to Bharath Engineering College, Agaramthen, Chennai, Tamil Nadu 600073, India",12.9060562,80.1423344,4.4,835,ChIJKQQtGyhfUjoRmN5Jlzd1bOc,https://www.google.com/maps/place/?q=place_id:ChIJKQQtGyhfUjoRmN5Jlzd1bOc,Camp road Naturals Salon
69,LOC_3,Camp road,Naturals Salon,"No 2a, Velachery Rd Selaiyur, Venkatesan St, Jayasamy Nagar, Tambaram, Kanchipuram, Tamil Nadu 600059, India",12.9226168,80.1293238,4.7,1665,ChIJu9KttRZfUjoRJ1T4OyKTcWk,https://www.google.com/maps/place/?q=place_id:ChIJu9KttRZfUjoRJ1T4OyKTcWk,Camp road Naturals Salon
70,LOC_4,Camp road,Naturals Signature Salon Rajakilpakkam,"No 54, 1st Floor, Velachery Rd, Mahalakshmi Nagar, Selaiyur, Rajakilpakkam, Chennai, Tamil Nadu 600073, India",12.9228199,80.14605399999999,4.7,2233,ChIJTafAZeZeUjoR0pfB8yyigPU,https://www.google.com/maps/place/?q=place_id:ChIJTafAZeZeUjoR0pfB8yyigPU,Camp road Naturals Signature Salon Rajakilpakkam
71,LOC_1,Chinmaya Nagar,Naturals Salon & Spa Chinmaya Nagar,"1st floor, 252, Kaliamman Koil St, Chinmaya Nagar Stage 2, Natesan Nagar, Virugambakkam, Chennai, Tamil Nadu 600092, India",13.0573293,80.1938874,4.9,1036,ChIJnUnpWrZmUjoR-pTB-PebbCg,https://www.google.com/maps/place/?q=place_id:ChIJnUnpWrZmUjoR-pTB-PebbCg,Chinmaya Nagar Naturals Salon & Spa Chinmaya Nagar
72,LOC_1,Chitlapakkam,Naturals Salon,"opposite Nilgiris, Rajarajeshwari Nagar, Shanmuga Nagar, Chitlapakkam, Kanchipuram, Chennai, Tamil Nadu 600064, India",12.932305,80.1485675,4.5,674,ChIJiUqBq-ReUjoRIowXn3ZY8qA,https://www.google.com/maps/place/?q=place_id:ChIJiUqBq-ReUjoRIowXn3ZY8qA,Chitlapakkam Naturals Salon
73,LOC_2,Chitlapakkam,Naturals Signature Salon,"Ground Floor, 35, Dr Rajendra Prasad Rd, near NSN School, Nehru Nagar, Chromepet, Chennai, Tamil Nadu 600044, India",12.9423475,80.1418197,4.8,2825,ChIJXS3RwKpfUjoReizoYiuHWeQ,https://www.google.com/maps/place/?q=place_id:ChIJXS3RwKpfUjoReizoYiuHWeQ,Chitlapakkam Naturals Signature Salon
77,LOC_1,Chrompet,Naturals Salon,"1st Floor, 89, Radha Nagar Main Rd, above TMB Bank ATM, Srinivasapuram, Chromepet, Chennai, Tamil Nadu 600044, India",12.9513151,80.1470257,4.9,267,ChIJE5nUwzFfUjoRnc8vucH6rhk,https://www.google.com/maps/place/?q=place_id:ChIJE5nUwzFfUjoRnc8vucH6rhk,Chrompet Naturals Salon
79,LOC_3,Chrompet,Naturals Signature Salon,"1st Floor, Plot No 7/8A, 3rd Main Rd, above Union Bank of India, New Colony, Chromepet, Chennai, Tamil Nadu 600044, India",12.9534393,80.1381887,4.8,423,ChIJ6Qmu7lFfUjoRuAfmgFSr4wU,https://www.google.com/maps/place/?q=place_id:ChIJ6Qmu7lFfUjoRuAfmgFSr4wU,Chrompet Naturals Signature Salon
80,LOC_4,Chrompet,Naturals Salon & Spa Chromepet,"142, Gst Road, Opp Vettri Theater, Radha Nagar, opp. to Vettri Theater, Lakshmi Nagar, Shanthi Nagar, Chromepet, Chennai, Tamil Nadu 600044, India",12.9542266,80.14227509999999,4.3,600,ChIJI2180bJfUjoRQ4DFD7PjE8c,https://www.google.com/maps/place/?q=place_id:ChIJI2180bJfUjoRQ4DFD7PjE8c,Chrompet Naturals Salon & Spa Chromepet
81,LOC_1,CIT Nagar,Naturals Salon,"Old No 56, 1st Floor, Bus Stop, No 25, S W Boag Rd, near CIT Nagar, CIT Nagar West, T. Nagar, Chennai, Tamil Nadu 600017, India",13.0309377,80.23164779999999,4.6,1030,ChIJqdvDdapnUjoRmIT_759vsXc,https://www.google.com/maps/place/?q=place_id:ChIJqdvDdapnUjoRmIT_759vsXc,CIT Nagar Naturals Salon
82,LOC_1,Egmore,Naturals Lounge Salon Egmore Alsa Mall,"No 149, Floor No G1, Alsa Mall Shopping Complex, Red Cross Rd, opposite THE ATLANTIC RESIDENCES, Egmore, Chennai, Tamil Nadu 600008, India",13.0687037,80.2572569,4.9,301,ChIJw-ZHfCtnUjoRWxBb_A-kNEQ,https://www.google.com/maps/place/?q=place_id:ChIJw-ZHfCtnUjoRWxBb_A-kNEQ,Egmore Naturals Lounge Salon Egmore Alsa Mall
83,LOC_1,Ekkatuthangal,Naturals Salon,"2 & 3, 100 Feet Rd, Ambal Nagar, Ekkatuthangal, Chennai, Tamil Nadu 600032, India",13.0202956,80.2061086,4.7,1909,ChIJaVvU9jxnUjoRkh7iNmHaS9E,https://www.google.com/maps/place/?q=place_id:ChIJaVvU9jxnUjoRkh7iNmHaS9E,Ekkatuthangal Naturals Salon
84,LOC_1,Express avenue mall,Naturals Signature Salon,"Shop No:B1, 27 Express Mall, No:2, Club House Road, Anna Salai, Chennai, Tamil Nadu 600002, India",13.0587332,80.2633774,4.7,2447,ChIJdZGLpRdmUjoRpfmePJPrL_I,https://www.google.com/maps/place/?q=place_id:ChIJdZGLpRdmUjoRpfmePJPrL_I,Express avenue mall Naturals Signature Salon
85,LOC_1,Gerugambakkam,Naturals Salon,"1st & 2nd Floor, 173, Sankaralinganar St, above Apollo, Gerugambakkam, Chennai, Tamil Nadu 600122, India",13.0108311,80.13959469999999,4.8,1279,ChIJfyPD7_9hUjoRmo20YaDljH8,https://www.google.com/maps/place/?q=place_id:ChIJfyPD7_9hUjoRmo20YaDljH8,Gerugambakkam Naturals Salon
86,LOC_1,GNT Road,Naturals Salon,"No 339, Pudhu Nagar, near Aadhiparasakthi tempel, Main Rd, opposite Guru gas Agency, MKB Nagar, Mahakavi Bharathi Nagar, Vyasarpadi, Tamil Nadu 600039, India",13.1232124,80.2592734,4.8,714,ChIJ909Y1HVlUjoRT-MgvG5aStY,https://www.google.com/maps/place/?q=place_id:ChIJ909Y1HVlUjoRT-MgvG5aStY,GNT Road Naturals Salon
87,LOC_2,GNT Road,Naturals salon (Exclusive Women's)- Sowcarpet,"yes bank, 377, second floor, Mint St, above to, Sowcarpet, Chennai, Tamil Nadu 600079, India",13.0935518,80.2794005,4.2,411,ChIJCTDNgldvUjoRQvi8h6Cjzl0,https://www.google.com/maps/place/?q=place_id:ChIJCTDNgldvUjoRQvi8h6Cjzl0,GNT Road Naturals salon (Exclusive Women's)- Sowcarpet
88,LOC_3,GNT Road,Naturals Salon,"1st Floor, Mkdk Illam, Madavaram Red Hills Rd, Roja Nagar, Madhavaram, Chennai, Tamil Nadu 600060, India",13.1456681,80.23208850000002,4.7,1450,ChIJrQMlKB5lUjoRyXuB21g4aRg,https://www.google.com/maps/place/?q=place_id:ChIJrQMlKB5lUjoRyXuB21g4aRg,GNT Road Naturals Salon
89,LOC_4,GNT Road,Naturals Salon,"Plot No 8 & 8A, 80 Feet Road, Kumaran Nagar, opp. Sai Baba Temple, Peravallur, Chennai, Tamil Nadu 600082, India",13.1251688,80.2257374,4.8,1529,ChIJbUkNQwBlUjoR0qQ-1wvLbHo,https://www.google.com/maps/place/?q=place_id:ChIJbUkNQwBlUjoR0qQ-1wvLbHo,GNT Road Naturals Salon
90,LOC_5,GNT Road,Naturals Salon,"2nd Floor, New No 55, Old No 36, 70 Feet Rd, above Nilgiris Supermarket, Jawahar Nagar, Perambur, Chennai, Tamil Nadu 600082, India",13.1139566,80.2275116,4.6,1121,ChIJwfUm6U1kUjoRhlTE1jH8JOM,https://www.google.com/maps/place/?q=place_id:ChIJwfUm6U1kUjoRhlTE1jH8JOM,GNT Road Naturals Salon
91,LOC_6,GNT Road,Naturals Salon,"570, Thiruvottiyur High Rd, near Union Bank, Korukkupet, Old Washermanpet, Chennai, Tamil Nadu 600021, India",13.1201765,80.28563690000001,4.6,1296,ChIJ9fR8WHpvUjoRK_aW3-6gSpA,https://www.google.com/maps/place/?q=place_id:ChIJ9fR8WHpvUjoRK_aW3-6gSpA,GNT Road Naturals Salon
92,LOC_7,GNT Road,Naturals Salon - Vepery,"No.18, Ritherdon Rd, opposite to seventh day school, Periamet, Vepery, Purasaiwakkam, Chennai, Tamil Nadu 600007, India",13.0818626,80.2586675,4.3,1061,ChIJy35fouFlUjoRbt9C5iCwdYk,https://www.google.com/maps/place/?q=place_id:ChIJy35fouFlUjoRbt9C5iCwdYk,GNT Road Naturals Salon - Vepery
93,LOC_8,GNT Road,Naturals Salon,"28, Secretariat Colony 1st St, near Secretariat Colony, Secretariat Nagar, Vinayakapuram, Kolathur, Chennai, Tamil Nadu 600099, India",13.135679,80.20971440000001,4.5,1067,ChIJgXiVF_NkUjoRVOfgDiCNE6I,https://www.google.com/maps/place/?q=place_id:ChIJgXiVF_NkUjoRVOfgDiCNE6I,GNT Road Naturals Salon
94,LOC_9,GNT Road,Naturals Salon,"66/68, Siruvallur High Rd, above Sbi Bank, Jagannathan Colony, Perambur, Chennai, Tamil Nadu 600011, India",13.1081114,80.23743069999999,4.8,2030,ChIJRZP4735lUjoR29LUdELYiMQ,https://www.google.com/maps/place/?q=place_id:ChIJRZP4735lUjoR29LUdELYiMQ,GNT Road Naturals Salon
95,LOC_10,GNT Road,Naturals Unisex Salon - Kodungaiyur,"Ground Floor, Old No.12, New No.11 SIDCO Avenue Main Road, Vivekanda Nagar Opp EB police Station, Kodungaiyur, Chennai, Tamil Nadu 600118, India",13.1313259,80.2564685,4.8,1692,ChIJq6hx7XRlUjoRRQ2pAsXZ5Mk,https://www.google.com/maps/place/?q=place_id:ChIJq6hx7XRlUjoRRQ2pAsXZ5Mk,GNT Road Naturals Unisex Salon - Kodungaiyur
96,LOC_1,Gopalapuram,Naturals Salon,"1st Floor, No 245, Avvai Shanmugam Salai, Ganapathy Colony, Gopalapuram, Chennai, Tamil Nadu 600086, India",13.0488751,80.2600179,4.6,791,ChIJpTzsnDdmUjoRZznlMkDIjkg,https://www.google.com/maps/place/?q=place_id:ChIJpTzsnDdmUjoRZznlMkDIjkg,Gopalapuram Naturals Salon
105,LOC_9,Guduvancherry,Naturals Salon,"Duraisamy Nagar, Keelkattalai, Chennai, Tamil Nadu 600117, India",12.9537654,80.18674039999999,4.4,836,ChIJy4YLHXheUjoRbX8EdgC2VFQ,https://www.google.com/maps/place/?q=place_id:ChIJy4YLHXheUjoRbX8EdgC2VFQ,Guduvancherry Naturals Salon
106,LOC_10,Guduvancherry,Naturals Signature Salon,"No: G-38,No: 142 ,Lower Ground Floor, Velachery Rd, Indira Gandhi Nagar, Velachery, Chennai, Tamil Nadu 600042, India",12.9929627,80.2184516,4.8,2309,ChIJ6aCWRmJnUjoRRmaT-wCYdLE,https://www.google.com/maps/place/?q=place_id:ChIJ6aCWRmJnUjoRRmaT-wCYdLE,Guduvancherry Naturals Signature Salon
113,LOC_1,Iyyappanthangal,Naturals Salon,"1st Flr, 1/445, near, Poonamallee High Road, opposite Sri Ramachandra Medical College, above KFC, Venugopal Nagar, Iyyappanthangal, Chennai, Tamil Nadu 600056, India",13.0367775,80.1405127,4.8,2012,ChIJHeNgJaphUjoRIu6Rjiq_An4,https://www.google.com/maps/place/?q=place_id:ChIJHeNgJaphUjoRIu6Rjiq_An4,Iyyappanthangal Naturals Salon
120,LOC_6,Jayasamy Nagar,Naturals Salon,"No.158, 2, Madambakkam Main Rd, above Union Bank, Madambakkam, Chennai, Tamil Nadu 600073, India",12.9110306,80.15630519999999,4.7,1467,ChIJZxXjUnpmUjoRvMbx9cGH6Xo,https://www.google.com/maps/place/?q=place_id:ChIJZxXjUnpmUjoRvMbx9cGH6Xo,Jayasamy Nagar Naturals Salon
121,LOC_7,Jayasamy Nagar,Naturals Salon,"1st Floor, No 129/100, Pammal Main Rd, opposite Reliance Trends, Allapakkam, Krishna Nagar, Muthamizh Nagar, Pallavaram, Kanchipuram, Chennai, Tamil Nadu 600075, India",12.97281,80.13846099999999,4.7,2676,ChIJ4biw0cxfUjoRGdgNSp_euDk,https://www.google.com/maps/place/?q=place_id:ChIJ4biw0cxfUjoRGdgNSp_euDk,Jayasamy Nagar Naturals Salon
122,LOC_8,Jayasamy Nagar,Naturals Salon,"No 9, Ramachandran Main Street RK Nagar, above Fasta Pizza, Alapakkam, New Perungalathur, Chennai, Tamil Nadu 600063, India",12.8895708,80.11578109999999,5.0,27,ChIJ2zZIX91ZUjoR_wIgO4bHBYs,https://www.google.com/maps/place/?q=place_id:ChIJ2zZIX91ZUjoR_wIgO4bHBYs,Jayasamy Nagar Naturals Salon
123,LOC_9,Jayasamy Nagar,Naturals Salon,"32A Kamarajar, Nehru Nedunchalai, above Indian Bank, New Perungalathur, Chennai, Tamil Nadu 600063, India",12.9051863,80.09334439999999,4.8,1949,ChIJadpDL731UjoRjsUoPGRcFNs,https://www.google.com/maps/place/?q=place_id:ChIJadpDL731UjoRjsUoPGRcFNs,Jayasamy Nagar Naturals Salon
124,LOC_10,Jayasamy Nagar,Naturals Salon,"Amaanath Tower 8th Street Corner, W Near, Mudichur Rd, Krishna Nagar, Tambaram, Chennai, Tamil Nadu 600045, India",12.9222974,80.0957184,4.6,1179,ChIJtzsp1wD1UjoR5sZ5YfZ4htc,https://www.google.com/maps/place/?q=place_id:ChIJtzsp1wD1UjoR5sZ5YfZ4htc,Jayasamy Nagar Naturals Salon
125,LOC_1,K.K Nagar,Naturals Salon,"No 886/A, Munusamy Salai, KK Nagar West, K. K. Nagar, Chennai, Tamil Nadu 600078, India",13.0406031,80.1932456,4.8,1650,ChIJG9T94tNmUjoRE-x9qtBwTxY,https://www.google.com/maps/place/?q=place_id:ChIJG9T94tNmUjoRE-x9qtBwTxY,K.K Nagar Naturals Salon
127,LOC_1,Kandanchavadi Omr,Naturals Signature Salon,"397, Old Mahabalipuram Road, near Oppo Service centre, Nehru Nagar, Perungudi, Chennai, Tamil Nadu 600096, India",12.9724865,80.2498949,4.6,1721,ChIJZ_Xr7WtdUjoRLxXdlHGkIDs,https://www.google.com/maps/place/?q=place_id:ChIJZ_Xr7WtdUjoRLxXdlHGkIDs,Kandanchavadi Omr Naturals Signature Salon
129,LOC_3,Kandanchavadi Omr,Naturals Signature perungudi,"74, Church Rd, above Nilgiris Super Market, Phase-1, Tirumalal Nagar, Perungudi, Chennai, Tamil Nadu 600096, India",12.9617425,80.2434612,4.7,362,ChIJGU34ybRdUjoRsa1guJtq2Sw,https://www.google.com/maps/place/?q=place_id:ChIJGU34ybRdUjoRsa1guJtq2Sw,Kandanchavadi Omr Naturals Signature perungudi
131,LOC_1,Kattupakkam,Naturals Salon,"New No 12, AJ Complex, No 2, near Nagathaman Kovil, Pushpa Nagar, Kattupakkam, Chennai, Tamil Nadu 600056, India",13.0429957,80.1226944,4.6,1179,ChIJRefyJVBhUjoRce_U1r7kspQ,https://www.google.com/maps/place/?q=place_id:ChIJRefyJVBhUjoRce_U1r7kspQ,Kattupakkam Naturals Salon
132,LOC_2,Kattupakkam,Naturals Salon,"2nd Floor, 18/1, Mount Poonamallee Rd, next to Slam Gym, Pushpa Nagar, Kattupakkam, Chennai, Tamil Nadu 600056, India",13.0400017,80.12953759999999,4.8,818,ChIJR4OvQohhUjoRqPjtkrOrDvA,https://www.google.com/maps/place/?q=place_id:ChIJR4OvQohhUjoRqPjtkrOrDvA,Kattupakkam Naturals Salon
137,LOC_1,Kilpauk,Naturals Signature Salon,"No. 76, New No. 52, First Floor, Sreerosh Renaissance, near HDFC Bank building, Agasthiya Nagar, Thandavaraya, Kilpauk, Chennai, Tamil Nadu 600010, India",13.0812238,80.23336619999999,4.9,515,ChIJf3bHez9lUjoRdS3jwNWDEvw,https://www.google.com/maps/place/?q=place_id:ChIJf3bHez9lUjoRdS3jwNWDEvw,Kilpauk Naturals Signature Salon
145,LOC_9,Kilpauk,Naturals Signature Salon,"52 A, Gangadeeshwar Koil St, above Couture / Clove Dental, Purasaiwakkam, Chennai, Tamil Nadu 600084, India",13.082393,80.2543354,4.8,439,ChIJV-KSc0JlUjoRkVw2r3J82-c,https://www.google.com/maps/place/?q=place_id:ChIJV-KSc0JlUjoRkVw2r3J82-c,Kilpauk Naturals Signature Salon
148,LOC_1,Kodabakkam,Naturals salon,"32, Arcot Rd, above Mcrennett, United India Colony, Kodambakkam, Chennai, Tamil Nadu 600024, India",13.0536706,80.2265833,4.8,1545,ChIJv44gOPJmUjoRV6Gi1GZQOhs,https://www.google.com/maps/place/?q=place_id:ChIJv44gOPJmUjoRV6Gi1GZQOhs,Kodabakkam Naturals salon
150,LOC_1,"Kolathur, Ambedkar Naga",Naturals Salon,"1st Floor, 9, 200 Feet Road, near Temple School, Ambedkar Nagar, Kolathur, Chennai, Tamil Nadu 600099, India",13.1261842,80.2073025,4.8,873,ChIJdUIn2uNlUjoRT23jU-onTwM,https://www.google.com/maps/place/?q=place_id:ChIJdUIn2uNlUjoRT23jU-onTwM,"Kolathur, Ambedkar Naga Naturals Salon"
153,LOC_4,"Kolathur, Ambedkar Naga",Naturals Salon,"No: 4/15, 2nd Floor, 200 FT Radial Road, 10th, Cross Street, S.Kolathur, Viduthalai Nagar, Kovilambakkam, Chennai, Tamil Nadu 600129, India",12.9481948,80.1996549,4.2,1059,ChIJweNq4s1dUjoRi2mnDw2Ij4A,https://www.google.com/maps/place/?q=place_id:ChIJweNq4s1dUjoRi2mnDw2Ij4A,"Kolathur, Ambedkar Naga Naturals Salon"
155,LOC_6,"Kolathur, Ambedkar Naga",Naturals Salon,"1st Floor, No 20 &amp, 21, Murugan Kovil St, opposite Indian Bank, Vivekananda Nagar, Senthil Nagar, Kolathur, Chennai, Tamil Nadu 600099, India",13.1254113,80.2014471,4.9,604,ChIJ2dT-eERlUjoR_5wOcsFcib4,https://www.google.com/maps/place/?q=place_id:ChIJ2dT-eERlUjoR_5wOcsFcib4,"Kolathur, Ambedkar Naga Naturals Salon"
166,LOC_1,Korattur,Naturals Salon,"Plot No H 15, Central Ave, above Shri Ganesh Bhavan Hotel, Periyar Nagar, Venkatraman Nagar, Korattur, Chennai, Tamil Nadu 600080, India",13.1078513,80.18475579999999,4.8,1601,ChIJXedKXYljUjoRYIGICYgbBdM,https://www.google.com/maps/place/?q=place_id:ChIJXedKXYljUjoRYIGICYgbBdM,Korattur Naturals Salon
167,LOC_1,Kottivakkam,Naturals Signature Salon,"No.1, 2 223, above UNION BANK OF INDIA, Karpagambal Nagar, Kottivakkam, Chennai, Tamil Nadu 600041, India",12.9732157,80.2584181,4.8,3760,ChIJkZqNtEZdUjoRNidYNEyXDWw,https://www.google.com/maps/place/?q=place_id:ChIJkZqNtEZdUjoRNidYNEyXDWw,Kottivakkam Naturals Signature Salon
168,LOC_1,Kotturpuram,Naturals Salon,"4th Main Rd, near Thatha Patti Park, above NILGIRIS, Kottur Gardens, Avvai Colony, Kotturpuram, Chennai, Tamil Nadu 600085, India",13.019681,80.2432283,4.6,792,ChIJdwcSyqRnUjoRI3UQJWA9AKU,https://www.google.com/maps/place/?q=place_id:ChIJdwcSyqRnUjoRI3UQJWA9AKU,Kotturpuram Naturals Salon
172,LOC_1,Kundrathur,Naturals Salon Kundrathur,"No 158 &amp, 68, Bazaar St, Kundrathur, Kanchipuram, Tamil Nadu 600069, India",12.9995163,80.09725089999999,4.9,1174,ChIJ5SIETnSLUjoRUF_5WWtEtt8,https://www.google.com/maps/place/?q=place_id:ChIJ5SIETnSLUjoRUF_5WWtEtt8,Kundrathur Naturals Salon Kundrathur
177,LOC_1,Mandaveli,Naturals Signature Salon,"No: 24-25, Venkatakrishna Rd, above Spencer's Daily, Perumal Koil Thottam, Ramakrishna Nagar, Mandaveli, Chennai, Tamil Nadu 600028, India",13.0267594,80.26140099999999,4.8,2819,ChIJT8VLUspnUjoRa_HrTUzVpa4,https://www.google.com/maps/place/?q=place_id:ChIJT8VLUspnUjoRa_HrTUzVpa4,Mandaveli Naturals Signature Salon
178,LOC_1,Mangadu,Naturals Salon,"Thulasi Doss Nagar, No 33, Kundrathur Main Road, Astha Lakshmi Nagar, Kumananchavadi, Poonamallee, Chennai, Tamil Nadu 600056, India",13.0395044,80.1134924,4.7,1100,ChIJZdX-Eu5hUjoRgkNQxEBESEg,https://www.google.com/maps/place/?q=place_id:ChIJZdX-Eu5hUjoRgkNQxEBESEg,Mangadu Naturals Salon
179,LOC_1,Maraimalai Nagar,Naturals Salon,"51 HIG Vallal Mgr Salai, Grand Southern Trunk Rd, NH-1, Maraimalai Nagar, Tamil Nadu 603209, India",12.7966626,80.02168429999999,4.7,2979,ChIJZUlr3-L5UjoRTB7pO8UsaFs,https://www.google.com/maps/place/?q=place_id:ChIJZUlr3-L5UjoRTB7pO8UsaFs,Maraimalai Nagar Naturals Salon
180,LOC_1,Medavakkam,Naturals Salon,"No 7, Velachery Rd, opposite Nilgiris Super Market, United Colony, Vengaivasal, Medavakkam, Chennai, Tamil Nadu 600100, India",12.9184288,80.1886943,4.5,1003,ChIJWd8PJh9cUjoRsPVjWNl2llg,https://www.google.com/maps/place/?q=place_id:ChIJWd8PJh9cUjoRsPVjWNl2llg,Medavakkam Naturals Salon
181,LOC_2,Medavakkam,Naturals Salon,"188, 231, Velachery Rd, near Sai Sarovar Venture, Pallikaranai, Chengalpattu, Chennai, Tamil Nadu 600100, India",12.9360301,80.2042724,4.8,1963,ChIJiyon-K1dUjoRtPaJT09Wb7g,https://www.google.com/maps/place/?q=place_id:ChIJiyon-K1dUjoRtPaJT09Wb7g,Medavakkam Naturals Salon
182,LOC_3,Medavakkam,Naturals Salon,"Plot No 22, Indira Priyadarshini Nagar Kailash Nagar, near Hospital Road, Junction, Perumbakkam, Chennai, Tamil Nadu 600100, India",12.9036775,80.20774469999999,4.4,1718,ChIJ238xNXNcUjoRtIIw8MTQSOI,https://www.google.com/maps/place/?q=place_id:ChIJ238xNXNcUjoRtIIw8MTQSOI,Medavakkam Naturals Salon
183,LOC_4,Medavakkam,"Naturals Salon Nanmangalam,","No 1/92A, Medavakkam Main Rd, above City Union Bank, Nanmangalam, Chennai, Tamil Nadu 600129, India",12.9418847,80.1826525,4.9,44,ChIJT1EkJhZfUjoRTl_050zJUP0,https://www.google.com/maps/place/?q=place_id:ChIJT1EkJhZfUjoRTl_050zJUP0,"Medavakkam Naturals Salon Nanmangalam,"
184,LOC_5,Medavakkam,Naturals Sithalapakkam,"No 197A, 1st Floor, TNHB Colony, Mambakkam - Medavakkam Main Rd, opposite ICICI Bank, Sithalapakkam, Mambakkam, Chennai, Tamil Nadu 600126, India",12.8920011,80.17759219999999,4.7,1663,ChIJs2DV8q9ZUjoR4pa3jpflOGE,https://www.google.com/maps/place/?q=place_id:ChIJs2DV8q9ZUjoR4pa3jpflOGE,Medavakkam Naturals Sithalapakkam
189,LOC_1,Mogaippar - Eri Scheme,Naturals Salon,"No B20, 1st Floor, Church Rd, opposite Ellahi Super Market, Mogappair Industrial Estate, Mogappair Eri Scheme, Mogappair East, Chennai, Tamil Nadu 600037, India",13.0760351,80.1813142,4.9,277,ChIJlW5oj6BhUjoRQyENc721zc8,https://www.google.com/maps/place/?q=place_id:ChIJlW5oj6BhUjoRQyENc721zc8,Mogaippar - Eri Scheme Naturals Salon
190,LOC_2,Mogaippar - Eri Scheme,Naturals Salon,"AGP Saantham Building, 4/750, 4th Block, Mogappair West, Ambattur Industrial Estate, Chennai, Tamil Nadu 600037, India",13.0817156,80.1677447,4.5,1370,ChIJEVxstt9jUjoRmQFQklMrCpM,https://www.google.com/maps/place/?q=place_id:ChIJEVxstt9jUjoRmQFQklMrCpM,Mogaippar - Eri Scheme Naturals Salon
192,LOC_4,Mogaippar - Eri Scheme,Naturals Salon,"No: 113, Vellalar St, next to Sbi Bank, Paneer Nagar, Mogappair, Chennai, Tamil Nadu 600037, India",13.0851487,80.1747146,4.4,580,ChIJJ-9f2-RjUjoRRvuFHHJ9c0A,https://www.google.com/maps/place/?q=place_id:ChIJJ-9f2-RjUjoRRvuFHHJ9c0A,Mogaippar - Eri Scheme Naturals Salon
199,LOC_1,Moulivakkam,Naturals Salon Moulivakkam,"5/214, Kundrathur Main Rd, Rajiv Gandhi Nagar, Moulivakkam, Chennai, Tamil Nadu 600116, India",13.0191528,80.1424103,4.6,477,ChIJYZa1DVhgUjoRcBiCa4pApyE,https://www.google.com/maps/place/?q=place_id:ChIJYZa1DVhgUjoRcBiCa4pApyE,Moulivakkam Naturals Salon Moulivakkam
200,LOC_2,Moulivakkam,Naturals Salon,"No 1, 1st Floor, Thirupurasundari Avenue, Mugalivakkam Main Rd, Subbiah Nagar, Thiripurasundari Avenue, Mugalivakkam, Chennai, Tamil Nadu 600125, India",13.0217831,80.1531722,4.9,975,ChIJXfh6HY9hUjoREBOBIWU-0GY,https://www.google.com/maps/place/?q=place_id:ChIJXfh6HY9hUjoREBOBIWU-0GY,Moulivakkam Naturals Salon
213,LOC_3,Mudichur Manimangalam,Naturals Salon,"1st Floor, Nawab Habibulla Nagar, Plot No 26, Mudichur Rd, next to City Union Bank, Manimangalam, Chennai, Tamil Nadu 600048, India",12.9135642,80.0709372,4.9,798,ChIJIZ-Imdv1UjoRZmD64mN4OWo,https://www.google.com/maps/place/?q=place_id:ChIJIZ-Imdv1UjoRZmD64mN4OWo,Mudichur Manimangalam Naturals Salon
223,LOC_1,Mylapore,Naturals Signature Salon,"2nd Floor, 36, Dr Radha Krishnan Salai, Sullivan Garden, Mylapore, Chennai, Tamil Nadu 600004, India",13.0443041,80.2666764,4.6,1286,ChIJIc_tNi5mUjoRx4Cp4l1o9RI,https://www.google.com/maps/place/?q=place_id:ChIJIc_tNi5mUjoRx4Cp4l1o9RI,Mylapore Naturals Signature Salon
224,LOC_2,Mylapore,Naturals Salon,"28/10, Venkataswamy St, opposite Apollo Pharmacy, Pattinapakkam, Santhome, Mylapore, Chennai, Tamil Nadu 600004, India",13.030194,80.275652,4.8,430,ChIJ05jy-4dnUjoR8hWlWTOTQok,https://www.google.com/maps/place/?q=place_id:ChIJ05jy-4dnUjoR8hWlWTOTQok,Mylapore Naturals Salon
225,LOC_3,Mylapore,Naturals Salon,"SN 112/220, 1st Flr, Ramakrishna Mutt Rd Tiruchanur Tiruchanur, Sankarapuram, Mylapore, Chennai, Tamil Nadu 600004, India",13.0322273,80.2671606,4.8,207,ChIJYZbz09JnUjoR_64SC_bUiFM,https://www.google.com/maps/place/?q=place_id:ChIJYZbz09JnUjoR_64SC_bUiFM,Mylapore Naturals Salon
226,LOC_1,Nanganallur,Naturals Salon,"No B82, 2nd Floor, Jagadamba Complex, M.G.R. Rd, near Vetrivel Theater, Hindu Colony, Nanganallur, Chennai, Tamil Nadu 600061, India",12.9767394,80.1833296,4.8,2254,ChIJ76BAHwZeUjoRZfig6Gu7jYI,https://www.google.com/maps/place/?q=place_id:ChIJ76BAHwZeUjoRZfig6Gu7jYI,Nanganallur Naturals Salon
230,LOC_1,Neelankarai,Naturals Salon & Spa Neelankarai,"2nd floor, pnb & yes bank, Manjula Complex, 14, SH 49, above to, Saraswathy Nagar North, Neelankarai, Chennai, Tamil Nadu 600041, India",12.9520182,80.2551613,4.4,344,ChIJs9Z-4CFdUjoRS4zx23zLqGo,https://www.google.com/maps/place/?q=place_id:ChIJs9Z-4CFdUjoRS4zx23zLqGo,Neelankarai Naturals Salon & Spa Neelankarai
231,LOC_1,Nellikuppam,Naturals Salon,"No. 1, MSM Nagar, Nellikuppam Rd, above Sriram Supermarket, Pankaja Ammal Nagar, Nandhivaram, Guduvancheri, Tamil Nadu 603202, India",12.8321819,80.0705337,4.8,2286,ChIJUeZzJcP3UjoRPBeWGO4ikRY,https://www.google.com/maps/place/?q=place_id:ChIJUeZzJcP3UjoRPBeWGO4ikRY,Nellikuppam Naturals Salon
233,LOC_1,Nookampalayam,Naturals Signature Salon,"1, Sristi Arcade, Sristi First Avenue, Cheran Nagar, Perumbakkam, Chennai, Tamil Nadu 600100, India",12.8962646,80.19810849999999,4.9,424,ChIJ5dJscNpbUjoRxlwAVwOEggE,https://www.google.com/maps/place/?q=place_id:ChIJ5dJscNpbUjoRxlwAVwOEggE,Nookampalayam Naturals Signature Salon
235,LOC_1,Old Mahabalipuram Road Karapakkam,Naturals Salon & Spa Siruseri,"Opposite Hiranandani Apts 149/8, Ambedkar street, Egatoor, Siruseri, Chennai, Tamil Nadu 603103, India",12.8333976,80.22861619999999,4.6,1769,ChIJlwqu3R9bUjoRFpJx3T3Bho8,https://www.google.com/maps/place/?q=place_id:ChIJlwqu3R9bUjoRFpJx3T3Bho8,Old Mahabalipuram Road Karapakkam Naturals Salon & Spa Siruseri
236,LOC_2,Old Mahabalipuram Road Karapakkam,Naturals Salon,"No 2/62, New Pushpa Navin Complex, OMR Rd, above Shree Gupta Bhavan, Navalur, Chennai, Tamil Nadu 603103, India",12.8475503,80.226959,4.7,3443,ChIJp4gXqlZaUjoR0qOHmTRnuOg,https://www.google.com/maps/place/?q=place_id:ChIJp4gXqlZaUjoR0qOHmTRnuOg,Old Mahabalipuram Road Karapakkam Naturals Salon
237,LOC_3,Old Mahabalipuram Road Karapakkam,Naturals Signature Salon,"LGF, Marina Mall, 14 & 15, 13, Old Mahabalipuram Road, Egattur, Tamil Nadu 603103, India",12.8357351,80.2289208,4.7,174,ChIJV2Bk4khbUjoRZdA8Dx4nzaE,https://www.google.com/maps/place/?q=place_id:ChIJV2Bk4khbUjoRZdA8Dx4nzaE,Old Mahabalipuram Road Karapakkam Naturals Signature Salon
238,LOC_4,Old Mahabalipuram Road Karapakkam,Naturals Salon,"PTC, Bus Stop, 4 690, Old Mahabalipuram Road, Chandrasekhar Avenue, Chennai, Thoraipakkam, Tamil Nadu 600097, India",12.9336606,80.2325268,4.4,1548,ChIJu2pBXv5cUjoRJ71srztNebM,https://www.google.com/maps/place/?q=place_id:ChIJu2pBXv5cUjoRJ71srztNebM,Old Mahabalipuram Road Karapakkam Naturals Salon
239,LOC_5,Old Mahabalipuram Road Karapakkam,Naturals Salon,"2nd floor, No: 637/2, Old Mamallapuram Rd, above Nilgiris, opposite Hindustan Engineering College, Kanchipuram, Padur, Tamil Nadu 603103, India",12.8039416,80.22361579999999,4.5,1693,ChIJTxjUBoNQUjoRcJGk9IRo_eA,https://www.google.com/maps/place/?q=place_id:ChIJTxjUBoNQUjoRcJGk9IRo_eA,Old Mahabalipuram Road Karapakkam Naturals Salon
241,LOC_2,Old Washermanpet,Naturals Unisex Hair And Style Salon,"No. 125, Mannarsamy Koil St, Mottai Thottam, Royapuram, Chennai, Tamil Nadu 600013, India",13.1095095,80.2915654,4.6,874,ChIJjUiDEWlvUjoR9bZBYnkO1O4,https://www.google.com/maps/place/?q=place_id:ChIJjUiDEWlvUjoR9bZBYnkO1O4,Old Washermanpet Naturals Unisex Hair And Style Salon
243,LOC_2,Pallikaranai,Naturals,"VGP Rajesh Nagar Park, No.8, Velachery Rd, Narayanapuram, Pallikaranai, Chennai, Tamil Nadu 600100, India",12.9464694,80.2084642,3.6,98,ChIJhbOICDdeUjoRTKDdJNSdE-U,https://www.google.com/maps/place/?q=place_id:ChIJhbOICDdeUjoRTKDdJNSdE-U,Pallikaranai Naturals
261,LOC_4,Perungudi 2,Naturals Salon,"1st Flr, Jeeva Cplx, No 581/A, 200 Feet Radial Rd, near 200 Feet Radial Road, Vinayaganagar, MCN Nagar Extension, Thoraipakkam, Chennai, Tamil Nadu 600096, India",12.9497189,80.23456350000001,4.0,945,ChIJN7i-LAddUjoRFhuyFqdLBNQ,https://www.google.com/maps/place/?q=place_id:ChIJN7i-LAddUjoRFhuyFqdLBNQ,Perungudi 2 Naturals Salon
262,LOC_1,Poonamallee,Naturals Salon & Spa Poonamallee,"35 Trunk road, Poonamallee, Chennai, Tamil Nadu 600056, India",13.0502767,80.0916827,4.1,519,ChIJr0N25HKKUjoRUOycZC_YKkQ,https://www.google.com/maps/place/?q=place_id:ChIJr0N25HKKUjoRUOycZC_YKkQ,Poonamallee Naturals Salon & Spa Poonamallee
266,LOC_5,Poonamallee,Naturals Salon,"No 156, Niranjan Square, Mount Poonamallee Rd, Lakshmi Nagar, Porur, Chennai, Tamil Nadu 600116, India",13.0334705,80.1616523,4.7,952,ChIJ222z60lhUjoR5mjtxNVXboo,https://www.google.com/maps/place/?q=place_id:ChIJ222z60lhUjoR5mjtxNVXboo,Poonamallee Naturals Salon
270,LOC_1,Pudupakkam,Naturals Salon,"1st Floor, Shop No 1, Plot No 14, M.R Radha Rd, above HDFC Bank, Pudupakkam, Chennai, Tamil Nadu 603103, India",12.821405,80.20391339999999,4.9,192,ChIJP4Mohb1bUjoRoRshJPRqc4g,https://www.google.com/maps/place/?q=place_id:ChIJP4Mohb1bUjoRoRshJPRqc4g,Pudupakkam Naturals Salon
271,LOC_2,Pudupakkam,Naturals Salon,"No 16/33, KNR Building, Pycrofts Rd, near Triplicane, Bharathi Salai, Narayana Krishnaraja Puram, Triplicane, Chennai, Tamil Nadu 600005, India",13.0579474,80.2774512,4.3,827,ChIJZdY93Z9oUjoR2eL4Sj39ceI,https://www.google.com/maps/place/?q=place_id:ChIJZdY93Z9oUjoR2eL4Sj39ceI,Pudupakkam Naturals Salon
274,LOC_5,Pudupakkam,Naturals Salon,"phase 2, Spencer Plaza Mall, No F37A, 1st Floor, opposite Zudio Show Room, Anna Salai, Triplicane, Chennai, Tamil Nadu 600002, India",13.0614002,80.2611146,4.4,212,ChIJIR7Fkg5nUjoR6YD26Sw1RkM,https://www.google.com/maps/place/?q=place_id:ChIJIR7Fkg5nUjoR6YD26Sw1RkM,Pudupakkam Naturals Salon
294,LOC_9,Rajajipuram,Naturals Salon,"No 3, Shiva Vishnu, Koil St, opp. Shree Niketan Matriculation School, Rajajipuram, Tiruvallur, Tamil Nadu 602001, India",13.119172,79.908624,4.6,794,ChIJQe7L3XuRUjoRhDxO-KCDVY8,https://www.google.com/maps/place/?q=place_id:ChIJQe7L3XuRUjoRhDxO-KCDVY8,Rajajipuram Naturals Salon
297,LOC_1,Ramapuram,Naturals Salon,"Shop No 5 & 5b, Valluvar Salai Mgr Garden, opposite Home Finders Street, Apartments, Ramapuram, Kanchipuram, Tamil Nadu 600089, India",13.0251157,80.1829084,4.7,2670,ChIJhWfFztNgUjoRJCBCJGYXinw,https://www.google.com/maps/place/?q=place_id:ChIJhWfFztNgUjoRJCBCJGYXinw,Ramapuram Naturals Salon
299,LOC_2,Red crossroad Egmore,Naturals Salon & Spa Chetpet,"73, CASA Major Road Sulaiman Zackria Avenue, Egmore, near Sulaiman Zackria Avenue, Chetpet, Chennai, Tamil Nadu 600008, India",13.0721299,80.2523339,4.5,1119,ChIJw6eEqcNnUjoR_b_qbSPo0G4,https://www.google.com/maps/place/?q=place_id:ChIJw6eEqcNnUjoR_b_qbSPo0G4,Red crossroad Egmore Naturals Salon & Spa Chetpet
302,LOC_1,Saidapet,"Naturals Salon & Spa , Saidapet","Seshachalam Street, Periyapet, Saidapet, Chennai, Tamil Nadu 600015, India",13.0237429,80.22637610000001,4.8,2146,ChIJdZIG_wVnUjoRPMLG0KojMZ4,https://www.google.com/maps/place/?q=place_id:ChIJdZIG_wVnUjoRPMLG0KojMZ4,"Saidapet Naturals Salon & Spa , Saidapet"
303,LOC_1,Saligramam,Naturals Signature Salon,"Raymonds Shop, AVICHI HIGHER SECONDARY SCHOOL, No.87, Arcot Rd, AVM Nagar, Saligramam, Chennai, Tamil Nadu 600093, India",13.0475892,80.1964168,4.8,2765,ChIJodImr89mUjoRSoZ_fAJu18I,https://www.google.com/maps/place/?q=place_id:ChIJodImr89mUjoRSoZ_fAJu18I,Saligramam Naturals Signature Salon
304,LOC_2,Saligramam,NATURALS Salon And Spa Vadapalani,"first floor, A NO:13/51, Arunachalam Rd, opp. prasad lab, Mathiazhagan Nagar, Shanthi Nagar, Saligramam, Chennai, Tamil Nadu 600093, India",13.0554618,80.20397299999999,4.4,1072,ChIJj8dkSsdmUjoRbc_8MLvAjF8,https://www.google.com/maps/place/?q=place_id:ChIJj8dkSsdmUjoRbc_8MLvAjF8,Saligramam NATURALS Salon And Spa Vadapalani
308,LOC_1,Semmancheri,Naturals Salon,"1st Flr, Plot No 10, DLF Garden City Rd, Semmancheri, Balaji Nagar, Semmancheri, Thazhambur, Chennai, Tamil Nadu 600130, India",12.8730153,80.2071745,4.9,556,ChIJ7Q9oF65bUjoROux3YqvNt6c,https://www.google.com/maps/place/?q=place_id:ChIJ7Q9oF65bUjoROux3YqvNt6c,Semmancheri Naturals Salon
312,LOC_1,Sholinganallur,Naturals Unisex Salon Sholinganallur,"2A, Elcot Ave, Sholinganallur, Chennai, Tamil Nadu 600119, India",12.8969427,80.2269788,4.4,2276,ChIJPeVfv4dbUjoRuuquO98y1PQ,https://www.google.com/maps/place/?q=place_id:ChIJPeVfv4dbUjoRuuquO98y1PQ,Sholinganallur Naturals Unisex Salon Sholinganallur
313,LOC_2,Sholinganallur,Naturals Unisex Salon ECR Link Road,"Plot No. C, Kothari Avenue, Kalaignar Karunanidhi Salai, KTK Town, Sholinganallur, Chennai, Tamil Nadu 600119, India",12.8994235,80.2356697,4.7,1176,ChIJCbLW5wxdUjoRSkTBDc9Qtsw,https://www.google.com/maps/place/?q=place_id:ChIJCbLW5wxdUjoRSkTBDc9Qtsw,Sholinganallur Naturals Unisex Salon ECR Link Road
336,LOC_1,"South Red hills Road,Villivakkam",Naturals Salon,"No 83/30, Ground Floor South Redhills Road, Subway, near Villivakkam, Villivakkam, Tamil Nadu 600049, India",13.10835,80.2059646,4.7,1046,ChIJK33vY2lkUjoRMI15t2YLnJ4,https://www.google.com/maps/place/?q=place_id:ChIJK33vY2lkUjoRMI15t2YLnJ4,"South Red hills Road,Villivakkam Naturals Salon"
341,LOC_6,"South Red hills Road,Villivakkam",Naturals Salon,"Shop No 120, Ground Floor, Near Reliance Fresh, Madras Thiruvallur High Rd, Villivakkam, Chennai, Tamil Nadu 600049, India",13.102398,80.2102846,4.7,1027,ChIJp2kx-T9kUjoRHALcSvusdOc,https://www.google.com/maps/place/?q=place_id:ChIJp2kx-T9kUjoRHALcSvusdOc,"South Red hills Road,Villivakkam Naturals Salon"
358,LOC_1,Sterling road,Naturals signature Salon,"5/4, Sterling Ave, Nungambakkam, Chennai, Tamil Nadu 600034, India",13.0632463,80.2361693,4.5,638,ChIJSU16YWFmUjoREYLdV3NUjkc,https://www.google.com/maps/place/?q=place_id:ChIJSU16YWFmUjoREYLdV3NUjkc,Sterling road Naturals signature Salon
359,LOC_1,"T.Nagar, Boag Road",Naturals Salon,"27, S Boag Rd, next to SBI, JJ Nagar, T. Nagar, Chennai, Tamil Nadu 600017, India",13.0376194,80.24313049999999,4.7,1708,ChIJW0LWglJmUjoRptyyALN3d1k,https://www.google.com/maps/place/?q=place_id:ChIJW0LWglJmUjoRptyyALN3d1k,"T.Nagar, Boag Road Naturals Salon"
360,LOC_2,"T.Nagar, Boag Road",Naturals Signature Salon,"29, Dr Nair Rd, above Federal Bank, Pondy Bazaar, T. Nagar, Chennai, Tamil Nadu 600017, India",13.0425811,80.2409689,4.8,2416,ChIJl2F1WxlnUjoRXue7f6nB7h4,https://www.google.com/maps/place/?q=place_id:ChIJl2F1WxlnUjoRXue7f6nB7h4,"T.Nagar, Boag Road Naturals Signature Salon"
373,LOC_1,Thiruporur,Naturals Salon and Spa Thiruporur,"First Floor, No.2 ,West, N Mada St, Thiruporur, Tamil Nadu 603110, India",12.7265509,80.18816290000001,4.7,344,ChIJ4UMIKgpRUjoRnbFM9Z3jFx8,https://www.google.com/maps/place/?q=place_id:ChIJ4UMIKgpRUjoRnbFM9Z3jFx8,Thiruporur Naturals Salon and Spa Thiruporur
374,LOC_1,Thiruvanmiyur,Naturals Salon,"E Mada St, Lalitha Nagar, Thiruvanmiyur, Chennai, Tamil Nadu 600041, India",12.9858366,80.26208659999999,4.7,2307,ChIJdcnEb1ldUjoRDiwQM4oAPEU,https://www.google.com/maps/place/?q=place_id:ChIJdcnEb1ldUjoRDiwQM4oAPEU,Thiruvanmiyur Naturals Salon
375,LOC_1,Thiruverkadu,Naturals Thiruverkadu,"No: 85 1st Floor, 4th Street, Thirumalai St, Balaji Nagar, Thiruverkadu, Chennai, Tamil Nadu 600077, India",13.0680103,80.1282791,4.1,293,ChIJAwAA8I5hUjoRe9zdnRu4hE4,https://www.google.com/maps/place/?q=place_id:ChIJAwAA8I5hUjoRe9zdnRu4hE4,Thiruverkadu Naturals Thiruverkadu
380,LOC_1,Tiruvottiyur,Naturals Salon,"Bus Stop, 879, Thiruvottiyur High Rd, Theradi, Rajakadai, Tiruvottiyur, Tiruvallur, Tamil Nadu 600019, India",13.1600207,80.3025406,4.6,1210,ChIJu08uvNxvUjoRnU8vgmdp4qc,https://www.google.com/maps/place/?q=place_id:ChIJu08uvNxvUjoRnU8vgmdp4qc,Tiruvottiyur Naturals Salon
386,LOC_1,Valasaravakkam,Naturals,"RK Complex, Arcot Rd, Signal, Valasaravakkam, Chennai, Tamil Nadu 600087, India",13.0405872,80.17157279999999,4.3,296,ChIJVVWRbyRhUjoR9BVKFq8Qwrc,https://www.google.com/maps/place/?q=place_id:ChIJVVWRbyRhUjoR9BVKFq8Qwrc,Valasaravakkam Naturals
387,LOC_2,Valasaravakkam,Naturals Salon,"1st Floor, No 1, near Kesavarthini, Janaki Nagar, Alwartirunagar, Valasaravakkam, Chennai, Tamil Nadu 600087, India",13.0422957,80.1811036,4.4,555,ChIJJfJfYy5hUjoRccDlMLi0d3I,https://www.google.com/maps/place/?q=place_id:ChIJJfJfYy5hUjoRccDlMLi0d3I,Valasaravakkam Naturals Salon
388,LOC_3,Valasaravakkam,Naturals Signature Salon,"New No 96, Old 139, Arcot Rd, above Federal Bank, East Kamakoti Nagar, Valasaravakkam, Chennai, Tamil Nadu 600087, India",13.0417011,80.17467119999999,4.8,690,ChIJVTkIp_BhUjoRk6rtnXy3AWU,https://www.google.com/maps/place/?q=place_id:ChIJVTkIp_BhUjoRk6rtnXy3AWU,Valasaravakkam Naturals Signature Salon
401,LOC_1,Valluvarkottam,Naturals Salon,"No: 167, 2nd Floor, Yesde House, Valluvar Kottam High Rd, Ponnangipuram, Tirumurthy Nagar, Nungambakkam, Chennai, Tamil Nadu 600034, India",13.055884,80.242533,4.8,1176,ChIJhz7w1dpnUjoR0n8CdZ2GIEs,https://www.google.com/maps/place/?q=place_id:ChIJhz7w1dpnUjoR0n8CdZ2GIEs,Valluvarkottam Naturals Salon
422,LOC_7,"Velacherry, Phoenix Marketcity",Envi Salon and Spa - Phoenix Marketcity Chennai,"G40A, Lower Ground Floor, Phoenix Market City, Mall, Velachery Bypass Rd, Indira Gandhi Nagar, Velachery, Chennai, Tamil Nadu 600042, India",12.9908702,80.21677059999999,4.3,504,ChIJxe5tzJ1nUjoRXrjxo1lUmMQ,https://www.google.com/maps/place/?q=place_id:ChIJxe5tzJ1nUjoRXrjxo1lUmMQ,"Velacherry, Phoenix Marketcity Envi Salon and Spa - Phoenix Marketcity Chennai"
452,LOC_1,Vettuvankeni,Naturals Salon,"1st Floor, 3/192A, East Coast Rd, opposite Church, Mahatma Gandhi Nagar, Vettuvankeni, Chennai, Tamil Nadu 600115, India",12.9388093,80.2526082,4.9,566,ChIJHXQ-vnRdUjoRQHyiWkGAa3U,https://www.google.com/maps/place/?q=place_id:ChIJHXQ-vnRdUjoRQHyiWkGAa3U,Vettuvankeni Naturals Salon
459,LOC_1,West Mambalam,Naturals Salon,"New Door No.88, Old Door No.45, 46 & 46/1 Navins, Brindavan St, West Mambalam, Chennai, Tamil Nadu 600033, India",13.0423371,80.2246629,4.3,480,ChIJUUOJu_tmUjoRL7BsVmdNZnw,https://www.google.com/maps/place/?q=place_id:ChIJUUOJu_tmUjoRL7BsVmdNZnw,West Mambalam Naturals Salon
