,Unnamed: 0,Location ID,City Area,Name,Address,Latitude,Longitude,Rating,Total Reviews,Place ID,Google Maps URL,Nearby Flag,Nearby Salon Address,Distance to Nearby Salon (km)
0,0,LOC_1,Alwarpet,"Naturals Salon & Spa CP Ramaswamy road , Alwarpet in Chennai","No.37, 1st Floor, CP Ramaswamy Iyer Rd, opp. to Nilgiris, Alwarpet, Chennai, Tamil Nadu 600018, India",13.0325117,80.2569712,4.6,1078,ChIJB0quoslnUjoRf_vm8BiGHsM,https://www.google.com/maps/place/?q=place_id:ChIJB0quoslnUjoRf_vm8BiGHsM,Yes,"No: 24-25, Venkatakrishna Rd, above Spencer's Daily, Perumal Koil Thottam, Ramakrishna Nagar, Mandaveli, Chennai, Tamil Nadu 600028, India",0.8
1,1,LOC_2,Alwarpet,Naturals Lounge TTK,"No.220, Mowbrays Flats, TT Krishnamachari Rd, next to Dr.Agarwals Eye Hospital, Alwarpet, Chennai, Tamil Nadu 600018, India",13.0436909,80.2594781,4.6,656,ChIJfwi_pjZmUjoRtNJzL20D2-A,https://www.google.com/maps/place/?q=place_id:ChIJfwi_pjZmUjoRtNJzL20D2-A,Yes,"No 220, Mowbrays Flats, TT Krishnamachari Rd, next to Dr Agarwals Eye Hospital, Parthasarathypuram, Alwarpet, Chennai, Tamil Nadu 600018, India",0.01
2,2,LOC_3,Alwarpet,Naturals Signature Salon,"No: 24-25, Venkatakrishna Rd, above Spencer's Daily, Perumal Koil Thottam, Ramakrishna Nagar, Mandaveli, Chennai, Tamil Nadu 600028, India",13.0267594,80.26140099999999,4.8,2818,ChIJT8VLUspnUjoRa_HrTUzVpa4,https://www.google.com/maps/place/?q=place_id:ChIJT8VLUspnUjoRa_HrTUzVpa4,Yes,"No.37, 1st Floor, CP Ramaswamy Iyer Rd, opp. to Nilgiris, Alwarpet, Chennai, Tamil Nadu 600018, India",0.8
3,3,LOC_4,Alwarpet,Naturals Salon,"No 220, Mowbrays Flats, TT Krishnamachari Rd, next to Dr Agarwals Eye Hospital, Parthasarathypuram, Alwarpet, Chennai, Tamil Nadu 600018, India",13.0436178,80.2594846,5.0,1,ChIJ1cEdFYpnUjoRBTQevSN3-mU,https://www.google.com/maps/place/?q=place_id:ChIJ1cEdFYpnUjoRBTQevSN3-mU,Yes,"No.220, Mowbrays Flats, TT Krishnamachari Rd, next to Dr.Agarwals Eye Hospital, Alwarpet, Chennai, Tamil Nadu 600018, India",0.01
4,8,LOC_1,"Adambakkam, Brindavan Nagar",Naturals Salon,"N37 First Flr, 2nd Street Shawalace Col, Brindavan Nagar, Adambakkam, Chennai, Tamil Nadu 600088, India",12.9865709,80.2051812,4.9,352,ChIJD93nXvxdUjoRinIO5qSoRrc,https://www.google.com/maps/place/?q=place_id:ChIJD93nXvxdUjoRinIO5qSoRrc,No,None,0.0
5,9,LOC_2,"Adambakkam, Brindavan Nagar",Naturals Salon,"No.16A/17, Secretariat Colony Main Road, City Link Road, above Easyday Club, Adambakkam, Chennai, Tamil Nadu 600088, India",12.9973019,80.2072451,4.6,1363,ChIJP8-7AF1nUjoR3_YHwKTtq28,https://www.google.com/maps/place/?q=place_id:ChIJP8-7AF1nUjoR3_YHwKTtq28,No,None,0.0
6,11,LOC_1,Adyar,Naturals Salon,"Ground Floor, Ceebros Enclave, No. 31, 1st Main Rd, Gandhi Nagar, Adyar, Chennai, Tamil Nadu 600020, India",13.007167,80.2516004,4.2,802,ChIJT28vgJNnUjoRiPj-mGCrlOA,https://www.google.com/maps/place/?q=place_id:ChIJT28vgJNnUjoRiPj-mGCrlOA,Yes,"1st Floor, 55, Indira Nagar, Adyar, Chennai, Tamil Nadu 600020, India",0.92
7,12,LOC_2,Adyar,Naturals Salon,"1st Floor, 55, Indira Nagar, Adyar, Chennai, Tamil Nadu 600020, India",12.9988889,80.2518418,4.5,986,ChIJUVZIAY1nUjoRXhgyHIOnkjg,https://www.google.com/maps/place/?q=place_id:ChIJUVZIAY1nUjoRXhgyHIOnkjg,Yes,"Ground Floor, Ceebros Enclave, No. 31, 1st Main Rd, Gandhi Nagar, Adyar, Chennai, Tamil Nadu 600020, India",0.92
8,13,LOC_1,Agaramthen Road,Naturals Signature Salon,"No: G-38,No: 142 ,Lower Ground Floor, Velachery Rd, Indira Gandhi Nagar, Velachery, Chennai, Tamil Nadu 600042, India",12.9929627,80.2184516,4.8,2309,ChIJ6aCWRmJnUjoRRmaT-wCYdLE,https://www.google.com/maps/place/?q=place_id:ChIJ6aCWRmJnUjoRRmaT-wCYdLE,Yes,"2nd Floor, Landmark Heavens Sampoorna, No 31, 100 Feet Rd, Indira Gandhi Nagar, Velachery, Chennai, Tamil Nadu 600042, India",0.36
9,16,LOC_4,Agaramthen Road,Naturals Salon W - Women's Exclusive,"2nd Floor, Landmark Heavens Sampoorna, No 31, 100 Feet Rd, Indira Gandhi Nagar, Velachery, Chennai, Tamil Nadu 600042, India",12.9912653,80.21566969999999,4.7,922,ChIJ5_3KjWJnUjoRdvf4SUXOpac,https://www.google.com/maps/place/?q=place_id:ChIJ5_3KjWJnUjoRdvf4SUXOpac,Yes,"No: G-38,No: 142 ,Lower Ground Floor, Velachery Rd, Indira Gandhi Nagar, Velachery, Chennai, Tamil Nadu 600042, India",0.36
10,17,LOC_5,Agaramthen Road,Naturals Salon,"38, Velachery Bypass Rd, above Dindukkal, Vijaya Nagar, Velachery, Thalapakati, Chennai, Tamil Nadu 600042, India",12.9774436,80.2192512,4.8,2015,ChIJq7BiIZBdUjoRkjOu4SwVNa0,https://www.google.com/maps/place/?q=place_id:ChIJq7BiIZBdUjoRkjOu4SwVNa0,Yes,"Sri Balaji Complex, 52, Velachery Rd, Dhadeswaram Nagar, Velachery, Chennai, Tamil Nadu 600042, India",0.6
11,18,LOC_6,Agaramthen Road,Naturals Salon & Spa Velachery,"Sri Balaji Complex, 52, Velachery Rd, Dhadeswaram Nagar, Velachery, Chennai, Tamil Nadu 600042, India",12.9823166,80.2215873,4.5,1994,ChIJH0FMN5ddUjoRJOS0dFBFnns,https://www.google.com/maps/place/?q=place_id:ChIJH0FMN5ddUjoRJOS0dFBFnns,Yes,"38, Velachery Bypass Rd, above Dindukkal, Vijaya Nagar, Velachery, Thalapakati, Chennai, Tamil Nadu 600042, India",0.6
12,19,LOC_7,Agaramthen Road,Naturals Salon,"1, 1st Cross Street Baby Nagar, Seshadripuram, Velachery, Chennai, Tamil Nadu 600042, India",12.9807477,80.2293071,4.6,1831,ChIJNTtp3wxdUjoRpV-L4cf8_9M,https://www.google.com/maps/place/?q=place_id:ChIJNTtp3wxdUjoRpV-L4cf8_9M,Yes,"Sri Balaji Complex, 52, Velachery Rd, Dhadeswaram Nagar, Velachery, Chennai, Tamil Nadu 600042, India",0.85
13,20,LOC_8,Agaramthen Road,Naturals Salon,"1, Road, near Head Secretariat Office Quarter, Kaspapuram, Tiruvanchery, Madambakkam, Agaramthen, Chennai, Tamil Nadu 600126, India",12.8896431,80.1430728,5.0,1,ChIJc2rZU8NZUjoRpHxFHkKBqzw,https://www.google.com/maps/place/?q=place_id:ChIJc2rZU8NZUjoRpHxFHkKBqzw,No,None,0.0
14,21,LOC_9,Agaramthen Road,Naturals Salon,"32, 2nd Floor, Bazaar Road, James St, Ram Nagar, Madipakkam, Chennai, Tamil Nadu 600091, India",12.9651675,80.2079899,4.9,1163,ChIJTcPgaMZdUjoR0CTDJwMc9sU,https://www.google.com/maps/place/?q=place_id:ChIJTcPgaMZdUjoR0CTDJwMc9sU,No,None,0.0
15,22,LOC_10,Agaramthen Road,Naturals Salon,"SN 1 to 3, No 137, 2nd Flr, Grand Square, Velachery - Tambaram Main Rd, V.O.C Nagar, Doctor Seetaram Nagar, Velachery, Chennai, Tamil Nadu 600042, India",12.9718868,80.2206745,4.8,337,ChIJ38JlxW1lUjoRVB-uo0b6CZQ,https://www.google.com/maps/place/?q=place_id:ChIJ38JlxW1lUjoRVB-uo0b6CZQ,Yes,"38, Velachery Bypass Rd, above Dindukkal, Vijaya Nagar, Velachery, Thalapakati, Chennai, Tamil Nadu 600042, India",0.64
16,24,LOC_1,Ambattur,Naturals Salon,"174/11, S Park St, Venkatapuram, Ambattur, Chennai, Tamil Nadu 600053, India",13.1176221,80.1542068,4.6,1742,ChIJgaWoEqljUjoRPzkVxhnVIDs,https://www.google.com/maps/place/?q=place_id:ChIJgaWoEqljUjoRPzkVxhnVIDs,Yes,"No 49, JS Tower, Ambattur Red Hills Rd, above Nilgiris, Rajiv Gandhi Nagar, Pudur, Ambattur, Chennai, Tamil Nadu 600053, India",0.95
17,25,LOC_2,Ambattur,Naturals Salon,"No 49, JS Tower, Ambattur Red Hills Rd, above Nilgiris, Rajiv Gandhi Nagar, Pudur, Ambattur, Chennai, Tamil Nadu 600053, India",13.1261206,80.15331259999999,4.7,1467,ChIJZds2LQZjUjoRpoG3BDXNQYA,https://www.google.com/maps/place/?q=place_id:ChIJZds2LQZjUjoRpoG3BDXNQYA,Yes,"174/11, S Park St, Venkatapuram, Ambattur, Chennai, Tamil Nadu 600053, India",0.95
18,26,LOC_3,Ambattur,Naturals Salon,"R12F, 1st Floor, TNHB Layout KK Nagar, Narmada St, opposite A2B, ICF Employees Colony, Ayappakkam, Chennai, Tamil Nadu 600058, India",13.0963692,80.1468482,4.9,874,ChIJ0x60bjxjUjoRjfOiM_uoxy0,https://www.google.com/maps/place/?q=place_id:ChIJ0x60bjxjUjoRjfOiM_uoxy0,Yes,"132, Thirupathi Kudai Rd, I.C, F Colony, TNHB, Ambattur, Chennai, Tamil Nadu 600058, India",0.11
19,29,LOC_3,Ambattur Red Hills Road,Naturals Salon,"2nd Floor, No 1/172A, Thiruvalluvar St, near GNT Road, Red Hills, Padianallur, Chennai, Tamil Nadu 600052, India",13.1914279,80.1854925,4.5,651,ChIJvdtVN6B8UjoRFKrCSVHyVwc,https://www.google.com/maps/place/?q=place_id:ChIJvdtVN6B8UjoRFKrCSVHyVwc,No,None,0.0
20,30,LOC_1,Aminijikarai,Naturals Salon,"154, 1st Floor, No 24a, Nelson Manickam Rd, near Metha Nagar, Railway Colony, Aminjikarai, Chennai, Tamil Nadu 600029, India",13.0674211,80.22721229999999,4.5,722,ChIJX2cOPjxnUjoRehfttXmstSA,https://www.google.com/maps/place/?q=place_id:ChIJX2cOPjxnUjoRehfttXmstSA,No,None,0.0
21,31,LOC_1,Anna Nagar - 6th Avenue,Naturals Salon,"6th Ave, Anna Nagar West, Z Block, I Block, Anna Nagar, Chennai, Tamil Nadu 600040, India",13.0925329,80.2088678,4.7,2312,ChIJWSuwwRdkUjoRfGJUB-GDhS4,https://www.google.com/maps/place/?q=place_id:ChIJWSuwwRdkUjoRfGJUB-GDhS4,Yes,"1425, 13th Main Rd, Anna Nagar West, Anna Nagar, Chennai, Tamil Nadu 600040, India",0.92
22,32,LOC_2,Anna Nagar - 6th Avenue,Naturals Signature Salon & Spa Annanagar West,"D-Sector, Anna Nagar West Extension, Chennai, Tamil Nadu 600101, India",13.0929523,80.1970231,4.4,557,ChIJpyVytw9kUjoR5h-yM_dZZss,https://www.google.com/maps/place/?q=place_id:ChIJpyVytw9kUjoR5h-yM_dZZss,Yes,"Ground Floor, Flat 2 & 4, No-45, opp. to Kalyan Jewellers, Shantiniketan Colony, Anna Nagar West Extension, Chennai, Tamil Nadu 600101, India",0.75
23,35,LOC_3,Anna Nagar West,Naturals Signature Salon,"Old No.AG-28, New No.59, First Floor, 4th Ave, AG Block, River View Colony, Anna Nagar, Chennai, Tamil Nadu 600040, India",13.0820945,80.2159181,4.9,1386,ChIJHc9koLFlUjoRHaEW9qJFvgQ,https://www.google.com/maps/place/?q=place_id:ChIJHc9koLFlUjoRHaEW9qJFvgQ,No,None,0.0
24,36,LOC_4,Anna Nagar West,Naturals Salon Anna Nagar West Extension,"Ground Floor, Flat 2 & 4, No-45, opp. to Kalyan Jewellers, Shantiniketan Colony, Anna Nagar West Extension, Chennai, Tamil Nadu 600101, India",13.0873814,80.193168,4.8,363,ChIJo236Z21lUjoRJmqOvDhKo4g,https://www.google.com/maps/place/?q=place_id:ChIJo236Z21lUjoRJmqOvDhKo4g,Yes,"D-Sector, Anna Nagar West Extension, Chennai, Tamil Nadu 600101, India",0.75
25,37,LOC_5,Anna Nagar West,Naturals Salon,"1425, 13th Main Rd, Anna Nagar West, Anna Nagar, Chennai, Tamil Nadu 600040, India",13.0903764,80.2006261,4.8,17,ChIJja5TEThlUjoRqgoCEk-Jhx4,https://www.google.com/maps/place/?q=place_id:ChIJja5TEThlUjoRqgoCEk-Jhx4,Yes,"6th Ave, Anna Nagar West, Z Block, I Block, Anna Nagar, Chennai, Tamil Nadu 600040, India",0.92
26,38,LOC_6,Anna Nagar West,Naturals Salon,"Plot No R48, Door No 157, Tvs Avenue main road, Main Road, Anna Nagar, near Chennai Public School, TVS Colony, Chennai, Tamil Nadu 600101, India",13.0902017,80.1884115,4.8,1503,ChIJURm_4wdkUjoRRje_m9b990g,https://www.google.com/maps/place/?q=place_id:ChIJURm_4wdkUjoRRje_m9b990g,Yes,"D-Sector, Anna Nagar West Extension, Chennai, Tamil Nadu 600101, India",0.98
27,39,LOC_7,Anna Nagar West,Naturals salon,"36PH+QCF, C-73,, C-73, D Block 1st Main Rd, R.V. Nagar, Block C, C Block, Annanagar East, Chennai, Tamil Nadu 600102, India",13.0831269,80.225201,4.3,470,ChIJaQiH1DJhUjoRlxzzTRuXcJU,https://www.google.com/maps/place/?q=place_id:ChIJaQiH1DJhUjoRlxzzTRuXcJU,Yes,"No. 76, New No. 52, First Floor, Sreerosh Renaissance, near HDFC Bank building, Agasthiya Nagar, Thandavaraya, Kilpauk, Chennai, Tamil Nadu 600010, India",0.91
28,53,LOC_7,Annanagar west extension,Naturals Salon,"No 1 C8 Kamaraj Square, Valayapathi St, Mogappair East, Chennai, Tamil Nadu 600037, India",13.0814655,80.1880262,4.7,960,ChIJ9bYgmf9jUjoRFj5jTvo6uDc,https://www.google.com/maps/place/?q=place_id:ChIJ9bYgmf9jUjoRFj5jTvo6uDc,Yes,"Ground Floor, Flat 2 & 4, No-45, opp. to Kalyan Jewellers, Shantiniketan Colony, Anna Nagar West Extension, Chennai, Tamil Nadu 600101, India",0.86
29,54,LOC_1,Arumbakkam,Naturals Salon,"1st Floor, No 87, Main Rd, above Pazhamuthir Nilayam, Razaak Garden, MMDA Colony, Arumbakkam, Chennai, Tamil Nadu 600106, India",13.069523,80.2154177,4.5,1149,ChIJt4F0HZpmUjoRX78UoYiNgX0,https://www.google.com/maps/place/?q=place_id:ChIJt4F0HZpmUjoRX78UoYiNgX0,No,None,0.0
30,55,LOC_1,Ashok nagar,Naturals Signature Salon Ashok Nagar,"3/47, 11th Ave, opposite to KFC, Ashok Nagar, Chennai, Tamil Nadu 600083, India",13.0321445,80.2108944,4.8,858,ChIJ6cr6nWRnUjoRd8fxeM4MHQ0,https://www.google.com/maps/place/?q=place_id:ChIJ6cr6nWRnUjoRd8fxeM4MHQ0,Yes,"New No.60/2, Old No.52, 2, 11th Ave, Ashok Nagar, Chennai, Tamil Nadu 600083, India",0.11
31,56,LOC_2,Ashok nagar,G Krishna Naturals Ashok Nagar,"New No.60/2, Old No.52, 2, 11th Ave, Ashok Nagar, Chennai, Tamil Nadu 600083, India",13.0323005,80.20990599999999,4.8,313,ChIJ6WN7outnUjoR1aa8giTS-Sc,https://www.google.com/maps/place/?q=place_id:ChIJ6WN7outnUjoR1aa8giTS-Sc,Yes,"3/47, 11th Ave, opposite to KFC, Ashok Nagar, Chennai, Tamil Nadu 600083, India",0.11
32,57,LOC_3,Ashok nagar,Naturals Salon,"455, RK Shanmugam Salai, near KM Hospital, Sector 6, K. K. Nagar, Chennai, Tamil Nadu 600078, India",13.0377536,80.2012653,4.5,397,ChIJ5agNedlmUjoRP6QndZjlS3w,https://www.google.com/maps/place/?q=place_id:ChIJ5agNedlmUjoRP6QndZjlS3w,Yes,"No 886/A, Munusamy Salai, KK Nagar West, K. K. Nagar, Chennai, Tamil Nadu 600078, India",0.92
33,58,LOC_4,Ashok nagar,Naturals Salon,"No 886/A, Munusamy Salai, KK Nagar West, K. K. Nagar, Chennai, Tamil Nadu 600078, India",13.0406031,80.1932456,4.8,1648,ChIJG9T94tNmUjoRE-x9qtBwTxY,https://www.google.com/maps/place/?q=place_id:ChIJG9T94tNmUjoRE-x9qtBwTxY,Yes,"455, RK Shanmugam Salai, near KM Hospital, Sector 6, K. K. Nagar, Chennai, Tamil Nadu 600078, India",0.92
34,59,LOC_5,Ashok nagar,Naturals Salon,"2 & 3, 100 Feet Rd, Ambal Nagar, Ekkatuthangal, Chennai, Tamil Nadu 600032, India",13.0202956,80.2061086,4.7,1907,ChIJaVvU9jxnUjoRkh7iNmHaS9E,https://www.google.com/maps/place/?q=place_id:ChIJaVvU9jxnUjoRkh7iNmHaS9E,No,None,0.0
35,60,LOC_6,Ashok nagar,"Naturals Salon & Spa , Saidapet","Seshachalam Street, Periyapet, Saidapet, Chennai, Tamil Nadu 600015, India",13.0237429,80.22637610000001,4.8,2140,ChIJdZIG_wVnUjoRPMLG0KojMZ4,https://www.google.com/maps/place/?q=place_id:ChIJdZIG_wVnUjoRPMLG0KojMZ4,Yes,"Old No 56, 1st Floor, Bus Stop, No 25, S W Boag Rd, near CIT Nagar, CIT Nagar West, T. Nagar, Chennai, Tamil Nadu 600017, India",0.98
36,61,LOC_7,Ashok nagar,Naturals Salon,"New Door No.88, Old Door No.45, 46 & 46/1 Navins, Brindavan St, West Mambalam, Chennai, Tamil Nadu 600033, India",13.0423371,80.2246629,4.3,480,ChIJUUOJu_tmUjoRL7BsVmdNZnw,https://www.google.com/maps/place/?q=place_id:ChIJUUOJu_tmUjoRL7BsVmdNZnw,No,None,0.0
37,62,LOC_8,Ashok nagar,NATURAL FRESH,"BUS STOP, 166, 100 Feet Rd, near OIL MILL, Sarvamangala Colony, Aruna Colony, Ashok Nagar, Chennai, Tamil Nadu 602001, India",13.0458059,80.2122576,4.0,5,ChIJL-yve-hmUjoRB0-_6IJyE4w,https://www.google.com/maps/place/?q=place_id:ChIJL-yve-hmUjoRB0-_6IJyE4w,No,None,0.0
38,63,LOC_1,Avadi,Naturals Salon,"New No 144, 1st Floor, New Military Rd, Thirumalai Rajapuram, Avadi, Tamil Nadu 600054, India",13.1172915,80.09635430000002,4.8,2222,ChIJFd7PaX9iUjoRgT_Eqwyvq-8,https://www.google.com/maps/place/?q=place_id:ChIJFd7PaX9iUjoRgT_Eqwyvq-8,Yes,"75, 1st floor, New Military Rd, Kannigapuram, TNHB Mig V Block, Avadi, Tamil Nadu 600054, India",0.59
39,64,LOC_2,Avadi,Naturals Salon,"No: 8, 1st Floor, Shanthi Garden, Poonamallee - Avadi High Rd, Paruthippattu, Thiruvallur, Avadi, Tamil Nadu 600071, India",13.0933566,80.1088168,4.8,1143,ChIJMeQDaKNjUjoRXZNgL9dyuDg,https://www.google.com/maps/place/?q=place_id:ChIJMeQDaKNjUjoRXZNgL9dyuDg,No,None,0.0
40,65,LOC_3,Avadi,Naturals Salon,"38, Chennai - Tiruvallur High Rd, near Mangalam Thirumana Mahal, Ambedkar Nagar, Thirumullaivoyal, Chennai, Tamil Nadu 600062, India",13.1307345,80.1353772,4.7,692,ChIJUbYAzdRjUjoRSjD6RqDd-gU,https://www.google.com/maps/place/?q=place_id:ChIJUbYAzdRjUjoRSjD6RqDd-gU,No,None,0.0
41,67,LOC_5,Avadi,Naturals Salon,"2, Chennai - Tiruvallur High Rd, near Pandiyan Ricemill Road, Thiruninravur, Tiruvallur, Tamil Nadu 602024, India",13.1252523,80.0396554,4.8,2178,ChIJ6eRQ0UiJUjoRlG2losOPhPo,https://www.google.com/maps/place/?q=place_id:ChIJ6eRQ0UiJUjoRlG2losOPhPo,No,None,0.0
42,68,LOC_6,Avadi,"Naturals Salon & Spa, Pattabiram","342, CTH road Chennai, Pattabiram, Tamil Nadu 600072, India",13.1225312,80.06056319999999,4.1,386,ChIJZfEOCVOIUjoRLDvAs5q9EJ0,https://www.google.com/maps/place/?q=place_id:ChIJZfEOCVOIUjoRLDvAs5q9EJ0,No,None,0.0
43,71,LOC_9,Avadi,Lakshmi Krishna Naturals Avadi,"75, 1st floor, New Military Rd, Kannigapuram, TNHB Mig V Block, Avadi, Tamil Nadu 600054, India",13.1162231,80.1016633,4.8,178,ChIJKZ0_WsNjUjoRIZmQXp2_c1Y,https://www.google.com/maps/place/?q=place_id:ChIJKZ0_WsNjUjoRIZmQXp2_c1Y,Yes,"New No 144, 1st Floor, New Military Rd, Thirumalai Rajapuram, Avadi, Tamil Nadu 600054, India",0.59
44,72,LOC_10,Avadi,Naturals Thiruverkadu,"No: 85 1st Floor, 4th Street, Thirumalai St, Balaji Nagar, Thiruverkadu, Chennai, Tamil Nadu 600077, India",13.0680103,80.1282791,4.1,293,ChIJAwAA8I5hUjoRe9zdnRu4hE4,https://www.google.com/maps/place/?q=place_id:ChIJAwAA8I5hUjoRe9zdnRu4hE4,No,None,0.0
45,74,LOC_2,"Ayapakkam, ICF Colony",New Naturaas Premium Family Salon,"MIG, First Floor, No. 6272, Tiruverkadu Rd, TNHB Colony, Annanur, Ayappakkam, Chennai, Tamil Nadu 600077, India",13.0984932,80.136004,5.0,995,ChIJ-Wpqe99jUjoRGLPykl3cbD8,https://www.google.com/maps/place/?q=place_id:ChIJ-Wpqe99jUjoRGLPykl3cbD8,No,None,0.0
46,75,LOC_3,"Ayapakkam, ICF Colony",SK Naturals Beauty Parlour,"132, Thirupathi Kudai Rd, I.C, F Colony, TNHB, Ambattur, Chennai, Tamil Nadu 600058, India",13.0965492,80.1458232,5.0,47,ChIJQzY8HrVjUjoRUXLaJs3fNGY,https://www.google.com/maps/place/?q=place_id:ChIJQzY8HrVjUjoRUXLaJs3fNGY,Yes,"R12F, 1st Floor, TNHB Layout KK Nagar, Narmada St, opposite A2B, ICF Employees Colony, Ayappakkam, Chennai, Tamil Nadu 600058, India",0.11
47,76,LOC_4,"Ayapakkam, ICF Colony",Naturals Salon,"AGP Saantham Building, 4/750, 4th Block, Mogappair West, Ambattur Industrial Estate, Chennai, Tamil Nadu 600037, India",13.0817156,80.1677447,4.5,1370,ChIJEVxstt9jUjoRmQFQklMrCpM,https://www.google.com/maps/place/?q=place_id:ChIJEVxstt9jUjoRmQFQklMrCpM,Yes,"No: 113, Vellalar St, next to Sbi Bank, Paneer Nagar, Mogappair, Chennai, Tamil Nadu 600037, India",0.85
48,79,LOC_7,"Ayapakkam, ICF Colony",Naturals Salon,"G2, Radhae Shyam Apartments, Vanagaram-Ambattur Rd, near Nilgiris Super Market, Vanagaram, Chennai, Tamil Nadu 600095, India",13.0633498,80.1523394,4.3,613,ChIJBSeDtHFhUjoRJ37Y8vAsf40,https://www.google.com/maps/place/?q=place_id:ChIJBSeDtHFhUjoRJ37Y8vAsf40,No,None,0.0
49,81,LOC_9,"Ayapakkam, ICF Colony",Naturals Salon,"No: 113, Vellalar St, next to Sbi Bank, Paneer Nagar, Mogappair, Chennai, Tamil Nadu 600037, India",13.0851487,80.1747146,4.4,580,ChIJJ-9f2-RjUjoRRvuFHHJ9c0A,https://www.google.com/maps/place/?q=place_id:ChIJJ-9f2-RjUjoRRvuFHHJ9c0A,Yes,"AGP Saantham Building, 4/750, 4th Block, Mogappair West, Ambattur Industrial Estate, Chennai, Tamil Nadu 600037, India",0.85
50,83,LOC_1,Aynavaram,Naturals Salon,"1st Floor, Adarsh Tower, No 328, Konnur High Rd, near Noor Hotel, KK Nagar, Ayanavaram, Chennai, Tamil Nadu 600023, India",13.098621,80.23342799999999,4.7,676,ChIJMVj2hMtlUjoRdo-uWw5n-LE,https://www.google.com/maps/place/?q=place_id:ChIJMVj2hMtlUjoRdo-uWw5n-LE,No,None,0.0
51,84,LOC_1,Bazullah Road T.Nagar,Naturals Salon,"76, Bazullah Rd, opposite Vivek Signalt Nagar, Parthasarathi Puram, T. Nagar, Chennai, Tamil Nadu 600017, India",13.0474693,80.23430909999999,4.6,1191,ChIJmbqvIjxnUjoRr2WmnSCysj0,https://www.google.com/maps/place/?q=place_id:ChIJmbqvIjxnUjoRr2WmnSCysj0,Yes,"29, Dr Nair Rd, above Federal Bank, Pondy Bazaar, T. Nagar, Chennai, Tamil Nadu 600017, India",0.9
52,85,LOC_1,Besant Nagar,Naturals Signature Salon,"No T24, Kkv Towers, Annai Velankanni Road, opposite Annai Velankanni Shrine, GOCHS Colony, Besant Nagar, Chennai, Tamil Nadu 600090, India",12.9957438,80.2695854,4.7,2278,ChIJlYM9yqRnUjoR9S1ZxF8HAoU,https://www.google.com/maps/place/?q=place_id:ChIJlYM9yqRnUjoR9S1ZxF8HAoU,No,None,0.0
53,86,LOC_1,Camp road,Naturals Salon,"No 3, Selaiyur, Tejraj Colony, Road, next to Bharath Engineering College, Agaramthen, Chennai, Tamil Nadu 600073, India",12.9060562,80.1423344,4.4,833,ChIJKQQtGyhfUjoRmN5Jlzd1bOc,https://www.google.com/maps/place/?q=place_id:ChIJKQQtGyhfUjoRmN5Jlzd1bOc,No,None,0.0
54,87,LOC_2,Camp road,Naturals Salon,"No 2a, Velachery Rd Selaiyur, Venkatesan St, Jayasamy Nagar, Tambaram, Kanchipuram, Tamil Nadu 600059, India",12.9226168,80.1293238,4.7,1665,ChIJu9KttRZfUjoRJ1T4OyKTcWk,https://www.google.com/maps/place/?q=place_id:ChIJu9KttRZfUjoRJ1T4OyKTcWk,No,None,0.0
55,89,LOC_4,Camp road,Naturals Signature Salon Rajakilpakkam,"No 54, 1st Floor, Velachery Rd, Mahalakshmi Nagar, Selaiyur, Rajakilpakkam, Chennai, Tamil Nadu 600073, India",12.9228199,80.14605399999999,4.7,2231,ChIJTafAZeZeUjoR0pfB8yyigPU,https://www.google.com/maps/place/?q=place_id:ChIJTafAZeZeUjoR0pfB8yyigPU,No,None,0.0
56,90,LOC_1,Chinmaya Nagar,Naturals Salon & Spa Chinmaya Nagar,"1st floor, 252, Kaliamman Koil St, Chinmaya Nagar Stage 2, Natesan Nagar, Virugambakkam, Chennai, Tamil Nadu 600092, India",13.0573293,80.1938874,4.9,1036,ChIJnUnpWrZmUjoR-pTB-PebbCg,https://www.google.com/maps/place/?q=place_id:ChIJnUnpWrZmUjoR-pTB-PebbCg,No,None,0.0
57,91,LOC_1,Chitlapakkam,Naturals Salon,"opposite Nilgiris, Rajarajeshwari Nagar, Shanmuga Nagar, Chitlapakkam, Kanchipuram, Chennai, Tamil Nadu 600064, India",12.932305,80.1485675,4.5,674,ChIJiUqBq-ReUjoRIowXn3ZY8qA,https://www.google.com/maps/place/?q=place_id:ChIJiUqBq-ReUjoRIowXn3ZY8qA,No,None,0.0
58,92,LOC_2,Chitlapakkam,Naturals Signature Salon,"Ground Floor, 35, Dr Rajendra Prasad Rd, near NSN School, Nehru Nagar, Chromepet, Chennai, Tamil Nadu 600044, India",12.9423475,80.1418197,4.8,2824,ChIJXS3RwKpfUjoReizoYiuHWeQ,https://www.google.com/maps/place/?q=place_id:ChIJXS3RwKpfUjoReizoYiuHWeQ,No,None,0.0
59,94,LOC_4,Chitlapakkam,Naturals Signature Salon,"1st Floor, Plot No 7/8A, 3rd Main Rd, above Union Bank of India, New Colony, Chromepet, Chennai, Tamil Nadu 600044, India",12.9534393,80.1381887,4.8,421,ChIJ6Qmu7lFfUjoRuAfmgFSr4wU,https://www.google.com/maps/place/?q=place_id:ChIJ6Qmu7lFfUjoRuAfmgFSr4wU,Yes,"1st Floor, 89, Radha Nagar Main Rd, above TMB Bank ATM, Srinivasapuram, Chromepet, Chennai, Tamil Nadu 600044, India",0.99
60,98,LOC_3,Chrompet,Naturals Salon,"1st Floor, 89, Radha Nagar Main Rd, above TMB Bank ATM, Srinivasapuram, Chromepet, Chennai, Tamil Nadu 600044, India",12.9513151,80.1470257,4.9,265,ChIJE5nUwzFfUjoRnc8vucH6rhk,https://www.google.com/maps/place/?q=place_id:ChIJE5nUwzFfUjoRnc8vucH6rhk,Yes,"1st Floor, Plot No 7/8A, 3rd Main Rd, above Union Bank of India, New Colony, Chromepet, Chennai, Tamil Nadu 600044, India",0.99
61,99,LOC_4,Chrompet,Naturals Salon,"1st Floor, No 129/100, Pammal Main Rd, opposite Reliance Trends, Allapakkam, Krishna Nagar, Muthamizh Nagar, Pallavaram, Kanchipuram, Chennai, Tamil Nadu 600075, India",12.97281,80.13846099999999,4.7,2674,ChIJ4biw0cxfUjoRGdgNSp_euDk,https://www.google.com/maps/place/?q=place_id:ChIJ4biw0cxfUjoRGdgNSp_euDk,No,None,0.0
62,101,LOC_6,Chrompet,Naturals Salon & Spa Chromepet,"142, Gst Road, Opp Vettri Theater, Radha Nagar, opp. to Vettri Theater, Lakshmi Nagar, Shanthi Nagar, Chromepet, Chennai, Tamil Nadu 600044, India",12.9542266,80.14227509999999,4.3,600,ChIJI2180bJfUjoRQ4DFD7PjE8c,https://www.google.com/maps/place/?q=place_id:ChIJI2180bJfUjoRQ4DFD7PjE8c,Yes,"1st Floor, Plot No 7/8A, 3rd Main Rd, above Union Bank of India, New Colony, Chromepet, Chennai, Tamil Nadu 600044, India",0.45
63,102,LOC_1,CIT Nagar,Naturals Salon,"Old No 56, 1st Floor, Bus Stop, No 25, S W Boag Rd, near CIT Nagar, CIT Nagar West, T. Nagar, Chennai, Tamil Nadu 600017, India",13.0309377,80.23164779999999,4.6,1028,ChIJqdvDdapnUjoRmIT_759vsXc,https://www.google.com/maps/place/?q=place_id:ChIJqdvDdapnUjoRmIT_759vsXc,Yes,"Seshachalam Street, Periyapet, Saidapet, Chennai, Tamil Nadu 600015, India",0.98
64,103,LOC_2,CIT Nagar,Naturals Salon,"27, S Boag Rd, next to SBI, JJ Nagar, T. Nagar, Chennai, Tamil Nadu 600017, India",13.0376194,80.24313049999999,4.7,1707,ChIJW0LWglJmUjoRptyyALN3d1k,https://www.google.com/maps/place/?q=place_id:ChIJW0LWglJmUjoRptyyALN3d1k,Yes,"29, Dr Nair Rd, above Federal Bank, Pondy Bazaar, T. Nagar, Chennai, Tamil Nadu 600017, India",0.6
65,104,LOC_3,CIT Nagar,Naturals Signature Salon,"29, Dr Nair Rd, above Federal Bank, Pondy Bazaar, T. Nagar, Chennai, Tamil Nadu 600017, India",13.0425811,80.2409689,4.8,2416,ChIJl2F1WxlnUjoRXue7f6nB7h4,https://www.google.com/maps/place/?q=place_id:ChIJl2F1WxlnUjoRXue7f6nB7h4,Yes,"76, Bazullah Rd, opposite Vivek Signalt Nagar, Parthasarathi Puram, T. Nagar, Chennai, Tamil Nadu 600017, India",0.9
66,107,LOC_6,CIT Nagar,Naturals,"Rahdae Shyam Complex, Door No.62, Ambattur Salai, Vanagaram, Chennai, Tamil Nadu 600095, India",13.0312595,80.2395138,3.6,10,ChIJHWQYSKxnUjoRA-4cwwdVjQk,https://www.google.com/maps/place/?q=place_id:ChIJHWQYSKxnUjoRA-4cwwdVjQk,Yes,"Old No 56, 1st Floor, Bus Stop, No 25, S W Boag Rd, near CIT Nagar, CIT Nagar West, T. Nagar, Chennai, Tamil Nadu 600017, India",0.85
67,108,LOC_1,Egmore,Naturals Lounge Salon Egmore Alsa Mall,"No 149, Floor No G1, Alsa Mall Shopping Complex, Red Cross Rd, opposite THE ATLANTIC RESIDENCES, Egmore, Chennai, Tamil Nadu 600008, India",13.0687037,80.2572569,4.9,300,ChIJw-ZHfCtnUjoRWxBb_A-kNEQ,https://www.google.com/maps/place/?q=place_id:ChIJw-ZHfCtnUjoRWxBb_A-kNEQ,Yes,"73, CASA Major Road Sulaiman Zackria Avenue, Egmore, near Sulaiman Zackria Avenue, Chetpet, Chennai, Tamil Nadu 600008, India",0.66
68,109,LOC_2,Egmore,Naturals Salon & Spa Chetpet,"73, CASA Major Road Sulaiman Zackria Avenue, Egmore, near Sulaiman Zackria Avenue, Chetpet, Chennai, Tamil Nadu 600008, India",13.0721299,80.2523339,4.5,1118,ChIJw6eEqcNnUjoR_b_qbSPo0G4,https://www.google.com/maps/place/?q=place_id:ChIJw6eEqcNnUjoR_b_qbSPo0G4,Yes,"No 149, Floor No G1, Alsa Mall Shopping Complex, Red Cross Rd, opposite THE ATLANTIC RESIDENCES, Egmore, Chennai, Tamil Nadu 600008, India",0.66
69,110,LOC_3,Egmore,Naturals Salon - Vepery,"No.18, Ritherdon Rd, opposite to seventh day school, Periamet, Vepery, Purasaiwakkam, Chennai, Tamil Nadu 600007, India",13.0818626,80.2586675,4.3,1061,ChIJy35fouFlUjoRbt9C5iCwdYk,https://www.google.com/maps/place/?q=place_id:ChIJy35fouFlUjoRbt9C5iCwdYk,Yes,"52 A, Gangadeeshwar Koil St, above Couture / Clove Dental, Purasaiwakkam, Chennai, Tamil Nadu 600084, India",0.47
70,111,LOC_4,Egmore,Naturals Signature Salon,"Shop No:B1, 27 Express Mall, No:2, Club House Road, Anna Salai, Chennai, Tamil Nadu 600002, India",13.0587332,80.2633774,4.7,2445,ChIJdZGLpRdmUjoRpfmePJPrL_I,https://www.google.com/maps/place/?q=place_id:ChIJdZGLpRdmUjoRpfmePJPrL_I,Yes,"phase 2, Spencer Plaza Mall, No F37A, 1st Floor, opposite Zudio Show Room, Anna Salai, Triplicane, Chennai, Tamil Nadu 600002, India",0.38
71,112,LOC_5,Egmore,Naturals Signature Salon,"52 A, Gangadeeshwar Koil St, above Couture / Clove Dental, Purasaiwakkam, Chennai, Tamil Nadu 600084, India",13.082393,80.2543354,4.8,439,ChIJV-KSc0JlUjoRkVw2r3J82-c,https://www.google.com/maps/place/?q=place_id:ChIJV-KSc0JlUjoRkVw2r3J82-c,Yes,"No.18, Ritherdon Rd, opposite to seventh day school, Periamet, Vepery, Purasaiwakkam, Chennai, Tamil Nadu 600007, India",0.47
72,113,LOC_6,Egmore,Naturals signature Salon,"5/4, Sterling Ave, Nungambakkam, Chennai, Tamil Nadu 600034, India",13.0632463,80.2361693,4.5,638,ChIJSU16YWFmUjoREYLdV3NUjkc,https://www.google.com/maps/place/?q=place_id:ChIJSU16YWFmUjoREYLdV3NUjkc,No,None,0.0
73,115,LOC_8,Egmore,Naturals Salon,"phase 2, Spencer Plaza Mall, No F37A, 1st Floor, opposite Zudio Show Room, Anna Salai, Triplicane, Chennai, Tamil Nadu 600002, India",13.0614002,80.2611146,4.4,209,ChIJIR7Fkg5nUjoR6YD26Sw1RkM,https://www.google.com/maps/place/?q=place_id:ChIJIR7Fkg5nUjoR6YD26Sw1RkM,Yes,"No 149, Floor No G1, Alsa Mall Shopping Complex, Red Cross Rd, opposite THE ATLANTIC RESIDENCES, Egmore, Chennai, Tamil Nadu 600008, India",0.91
74,116,LOC_9,Egmore,Naturals Salon,"1st Floor, No 245, Avvai Shanmugam Salai, Ganapathy Colony, Gopalapuram, Chennai, Tamil Nadu 600086, India",13.0488751,80.2600179,4.6,790,ChIJpTzsnDdmUjoRZznlMkDIjkg,https://www.google.com/maps/place/?q=place_id:ChIJpTzsnDdmUjoRZznlMkDIjkg,Yes,"No.220, Mowbrays Flats, TT Krishnamachari Rd, next to Dr.Agarwals Eye Hospital, Alwarpet, Chennai, Tamil Nadu 600018, India",0.58
75,120,LOC_1,Gerugambakkam,Naturals Salon,"1st & 2nd Floor, 173, Sankaralinganar St, above Apollo, Gerugambakkam, Chennai, Tamil Nadu 600122, India",13.0108311,80.13959469999999,4.8,1274,ChIJfyPD7_9hUjoRmo20YaDljH8,https://www.google.com/maps/place/?q=place_id:ChIJfyPD7_9hUjoRmo20YaDljH8,Yes,"5/214, Kundrathur Main Rd, Rajiv Gandhi Nagar, Moulivakkam, Chennai, Tamil Nadu 600116, India",0.97
76,121,LOC_1,GNT Road,Naturals Salon,"No 339, Pudhu Nagar, near Aadhiparasakthi tempel, Main Rd, opposite Guru gas Agency, MKB Nagar, Mahakavi Bharathi Nagar, Vyasarpadi, Tamil Nadu 600039, India",13.1232124,80.2592734,4.8,712,ChIJ909Y1HVlUjoRT-MgvG5aStY,https://www.google.com/maps/place/?q=place_id:ChIJ909Y1HVlUjoRT-MgvG5aStY,Yes,"Ground Floor, Old No.12, New No.11 SIDCO Avenue Main Road, Vivekanda Nagar Opp EB police Station, Kodungaiyur, Chennai, Tamil Nadu 600118, India",0.95
77,122,LOC_2,GNT Road,Naturals salon (Exclusive Women's)- Sowcarpet,"yes bank, 377, second floor, Mint St, above to, Sowcarpet, Chennai, Tamil Nadu 600079, India",13.0935518,80.2794005,4.2,411,ChIJCTDNgldvUjoRQvi8h6Cjzl0,https://www.google.com/maps/place/?q=place_id:ChIJCTDNgldvUjoRQvi8h6Cjzl0,No,None,0.0
78,123,LOC_3,GNT Road,Naturals Salon,"1st Floor, Mkdk Illam, Madavaram Red Hills Rd, Roja Nagar, Madhavaram, Chennai, Tamil Nadu 600060, India",13.1456681,80.23208850000002,4.7,1449,ChIJrQMlKB5lUjoRyXuB21g4aRg,https://www.google.com/maps/place/?q=place_id:ChIJrQMlKB5lUjoRyXuB21g4aRg,No,None,0.0
79,124,LOC_4,GNT Road,Naturals Salon,"Plot No 8 & 8A, 80 Feet Road, Kumaran Nagar, opp. Sai Baba Temple, Peravallur, Chennai, Tamil Nadu 600082, India",13.1251688,80.2257374,4.8,1529,ChIJbUkNQwBlUjoR0qQ-1wvLbHo,https://www.google.com/maps/place/?q=place_id:ChIJbUkNQwBlUjoR0qQ-1wvLbHo,No,None,0.0
80,125,LOC_5,GNT Road,Naturals,"No. 765, T.H.road, London palace, Opp to Sugam Hospital, Thiruvottriyur, Chennai, Tamil Nadu 600019, India",13.0822211,80.2703513,2.7,10,ChIJxx7r9_1lUjoR2y60D7INkxc,https://www.google.com/maps/place/?q=place_id:ChIJxx7r9_1lUjoR2y60D7INkxc,No,None,0.0
81,126,LOC_6,GNT Road,Naturals Unisex Salon - Kodungaiyur,"Ground Floor, Old No.12, New No.11 SIDCO Avenue Main Road, Vivekanda Nagar Opp EB police Station, Kodungaiyur, Chennai, Tamil Nadu 600118, India",13.1313259,80.2564685,4.8,1691,ChIJq6hx7XRlUjoRRQ2pAsXZ5Mk,https://www.google.com/maps/place/?q=place_id:ChIJq6hx7XRlUjoRRQ2pAsXZ5Mk,Yes,"No 339, Pudhu Nagar, near Aadhiparasakthi tempel, Main Rd, opposite Guru gas Agency, MKB Nagar, Mahakavi Bharathi Nagar, Vyasarpadi, Tamil Nadu 600039, India",0.95
82,127,LOC_7,GNT Road,Naturals Salon,"2nd Floor, New No 55, Old No 36, 70 Feet Rd, above Nilgiris Supermarket, Jawahar Nagar, Perambur, Chennai, Tamil Nadu 600082, India",13.1139566,80.2275116,4.6,1121,ChIJwfUm6U1kUjoRhlTE1jH8JOM,https://www.google.com/maps/place/?q=place_id:ChIJwfUm6U1kUjoRhlTE1jH8JOM,No,None,0.0
83,129,LOC_9,GNT Road,Naturals Salon,"66/68, Siruvallur High Rd, above Sbi Bank, Jagannathan Colony, Perambur, Chennai, Tamil Nadu 600011, India",13.1081114,80.23743069999999,4.8,2028,ChIJRZP4735lUjoR29LUdELYiMQ,https://www.google.com/maps/place/?q=place_id:ChIJRZP4735lUjoR29LUdELYiMQ,No,None,0.0
84,130,LOC_10,GNT Road,Naturals Salon,"570, Thiruvottiyur High Rd, near Union Bank, Korukkupet, Old Washermanpet, Chennai, Tamil Nadu 600021, India",13.1201765,80.28563690000001,4.6,1295,ChIJ9fR8WHpvUjoRK_aW3-6gSpA,https://www.google.com/maps/place/?q=place_id:ChIJ9fR8WHpvUjoRK_aW3-6gSpA,No,None,0.0
85,140,LOC_9,Guduvancherry,Studieo7 Family Salon & Bridal Studio - Nanganallur,"R6, 4th Main Rd, near Thillai Ganga Nagar Subway, Thillaiganga Nagar, Nanganallur, Chennai, Tamil Nadu 600061, India",12.9912415,80.19414789999999,4.3,538,ChIJH0FWFSlkUjoRYsJpLpApnWg,https://www.google.com/maps/place/?q=place_id:ChIJH0FWFSlkUjoRYsJpLpApnWg,No,None,0.0
86,147,LOC_6,Hastinapuram,Naturals Salon & Spa Gowrivakkam,"No:141, Velachery Rd, New Kunagkurichi, Gowriwakkam, Sembakkam, Chennai, Tamil Nadu 600073, India",12.9214792,80.16513049999999,4.2,367,ChIJQ83jz-BdUjoRIT5GBw6E50I,https://www.google.com/maps/place/?q=place_id:ChIJQ83jz-BdUjoRIT5GBw6E50I,No,None,0.0
87,149,LOC_8,Hastinapuram,Naturals Salon,"No.158, 2, Madambakkam Main Rd, above Union Bank, Madambakkam, Chennai, Tamil Nadu 600073, India",12.9110306,80.15630519999999,4.7,1467,ChIJZxXjUnpmUjoRvMbx9cGH6Xo,https://www.google.com/maps/place/?q=place_id:ChIJZxXjUnpmUjoRvMbx9cGH6Xo,No,None,0.0
88,154,LOC_1,Iyyappanthangal,Naturals Salon,"1st Flr, 1/445, near, Poonamallee High Road, opposite Sri Ramachandra Medical College, above KFC, Venugopal Nagar, Iyyappanthangal, Chennai, Tamil Nadu 600056, India",13.0367775,80.1405127,4.8,2012,ChIJHeNgJaphUjoRIu6Rjiq_An4,https://www.google.com/maps/place/?q=place_id:ChIJHeNgJaphUjoRIu6Rjiq_An4,No,None,0.0
89,155,LOC_2,Iyyappanthangal,Naturals Salon,"No 156, Niranjan Square, Mount Poonamallee Rd, Lakshmi Nagar, Porur, Chennai, Tamil Nadu 600116, India",13.0334705,80.1616523,4.7,952,ChIJ222z60lhUjoR5mjtxNVXboo,https://www.google.com/maps/place/?q=place_id:ChIJ222z60lhUjoR5mjtxNVXboo,No,None,0.0
90,156,LOC_3,Iyyappanthangal,Naturals Salon,"2nd Floor, 18/1, Mount Poonamallee Rd, next to Slam Gym, Pushpa Nagar, Kattupakkam, Chennai, Tamil Nadu 600056, India",13.0400017,80.12953759999999,4.8,818,ChIJR4OvQohhUjoRqPjtkrOrDvA,https://www.google.com/maps/place/?q=place_id:ChIJR4OvQohhUjoRqPjtkrOrDvA,Yes,"New No 12, AJ Complex, No 2, near Nagathaman Kovil, Pushpa Nagar, Kattupakkam, Chennai, Tamil Nadu 600056, India",0.81
91,160,LOC_3,Jayasamy Nagar,Naturals Salon,"No 9, Ramachandran Main Street RK Nagar, above Fasta Pizza, Alapakkam, New Perungalathur, Chennai, Tamil Nadu 600063, India",12.8895708,80.11578109999999,5.0,24,ChIJ2zZIX91ZUjoR_wIgO4bHBYs,https://www.google.com/maps/place/?q=place_id:ChIJ2zZIX91ZUjoR_wIgO4bHBYs,No,None,0.0
92,171,LOC_1,Kandanchavadi Omr,Naturals Signature Salon,"397, Old Mahabalipuram Road, near Oppo Service centre, Nehru Nagar, Perungudi, Chennai, Tamil Nadu 600096, India",12.9724865,80.2498949,4.6,1721,ChIJZ_Xr7WtdUjoRLxXdlHGkIDs,https://www.google.com/maps/place/?q=place_id:ChIJZ_Xr7WtdUjoRLxXdlHGkIDs,Yes,"No.1, 2 223, above UNION BANK OF INDIA, Karpagambal Nagar, Kottivakkam, Chennai, Tamil Nadu 600041, India",0.93
93,172,LOC_2,Kandanchavadi Omr,Naturals Signature perungudi,"74, Church Rd, above Nilgiris Super Market, Phase-1, Tirumalal Nagar, Perungudi, Chennai, Tamil Nadu 600096, India",12.9617425,80.2434612,4.7,362,ChIJGU34ybRdUjoRsa1guJtq2Sw,https://www.google.com/maps/place/?q=place_id:ChIJGU34ybRdUjoRsa1guJtq2Sw,No,None,0.0
94,181,LOC_1,Karayanchavadi,Naturals Salon & Spa Karayanchavadi,"70, Trunk Rd, Karayanchavadi, Poonamallee, Chennai, Tamil Nadu 600056, India",13.0466475,80.1104754,4.2,662,ChIJjyPil8RhUjoRBPR2ZBCU-jw,https://www.google.com/maps/place/?q=place_id:ChIJjyPil8RhUjoRBPR2ZBCU-jw,Yes,"Thulasi Doss Nagar, No 33, Kundrathur Main Road, Astha Lakshmi Nagar, Kumananchavadi, Poonamallee, Chennai, Tamil Nadu 600056, India",0.86
95,182,LOC_1,Kattupakkam,Naturals Salon,"New No 12, AJ Complex, No 2, near Nagathaman Kovil, Pushpa Nagar, Kattupakkam, Chennai, Tamil Nadu 600056, India",13.0429957,80.1226944,4.6,1179,ChIJRefyJVBhUjoRce_U1r7kspQ,https://www.google.com/maps/place/?q=place_id:ChIJRefyJVBhUjoRce_U1r7kspQ,Yes,"2nd Floor, 18/1, Mount Poonamallee Rd, next to Slam Gym, Pushpa Nagar, Kattupakkam, Chennai, Tamil Nadu 600056, India",0.81
96,186,LOC_1,Keelkattalai,Naturals Salon,"Duraisamy Nagar, Keelkattalai, Chennai, Tamil Nadu 600117, India",12.9537654,80.18674039999999,4.4,835,ChIJy4YLHXheUjoRbX8EdgC2VFQ,https://www.google.com/maps/place/?q=place_id:ChIJy4YLHXheUjoRbX8EdgC2VFQ,No,None,0.0
97,187,LOC_1,Kilpauk,Naturals Signature Salon,"No. 76, New No. 52, First Floor, Sreerosh Renaissance, near HDFC Bank building, Agasthiya Nagar, Thandavaraya, Kilpauk, Chennai, Tamil Nadu 600010, India",13.0812238,80.23336619999999,4.9,514,ChIJf3bHez9lUjoRdS3jwNWDEvw,https://www.google.com/maps/place/?q=place_id:ChIJf3bHez9lUjoRdS3jwNWDEvw,Yes,"36PH+QCF, C-73,, C-73, D Block 1st Main Rd, R.V. Nagar, Block C, C Block, Annanagar East, Chennai, Tamil Nadu 600102, India",0.91
98,188,LOC_2,Kilpauk,Page 3 Luxury Salon Kilpauk,"No 10, Harleys Rd, above Tanishq Jewellery, Davidpuram, Kilpauk, Chennai, Tamil Nadu 600010, India",13.0831741,80.2419772,4.9,329,ChIJ504cM05nUjoRS8144Y1XiNE,https://www.google.com/maps/place/?q=place_id:ChIJ504cM05nUjoRS8144Y1XiNE,Yes,"No. 76, New No. 52, First Floor, Sreerosh Renaissance, near HDFC Bank building, Agasthiya Nagar, Thandavaraya, Kilpauk, Chennai, Tamil Nadu 600010, India",0.96
99,193,LOC_7,Kilpauk,Lakshmi Krishna naturals Purasawalkam Chennai - Best skin care and hair care products shop,"Ground Floor G-16, Prince Towers, 94, Purasaivakkam High Rd, Kilpauk, Chennai, Tamil Nadu 600010, India",13.0855873,80.24794829999999,4.6,201,ChIJ963WyGVlUjoRCgpb-S0Q41Y,https://www.google.com/maps/place/?q=place_id:ChIJ963WyGVlUjoRCgpb-S0Q41Y,Yes,"52 A, Gangadeeshwar Koil St, above Couture / Clove Dental, Purasaiwakkam, Chennai, Tamil Nadu 600084, India",0.78
100,196,LOC_10,Kilpauk,Naturals Salon,"No: 167, 2nd Floor, Yesde House, Valluvar Kottam High Rd, Ponnangipuram, Tirumurthy Nagar, Nungambakkam, Chennai, Tamil Nadu 600034, India",13.055884,80.242533,4.8,1176,ChIJhz7w1dpnUjoR0n8CdZ2GIEs,https://www.google.com/maps/place/?q=place_id:ChIJhz7w1dpnUjoR0n8CdZ2GIEs,Yes,"3rd Floor, Ispahani Centre, 123 & 124, Nungambakkam High Rd, Thousand Lights West, Thousand Lights, Chennai, Tamil Nadu 600034, India",0.78
101,198,LOC_1,Kodabakkam,Naturals salon,"32, Arcot Rd, above Mcrennett, United India Colony, Kodambakkam, Chennai, Tamil Nadu 600024, India",13.0536706,80.2265833,4.8,1545,ChIJv44gOPJmUjoRV6Gi1GZQOhs,https://www.google.com/maps/place/?q=place_id:ChIJv44gOPJmUjoRV6Gi1GZQOhs,No,None,0.0
102,201,LOC_4,Kodabakkam,NATURALS Salon And Spa Vadapalani,"first floor, A NO:13/51, Arunachalam Rd, opp. prasad lab, Mathiazhagan Nagar, Shanthi Nagar, Saligramam, Chennai, Tamil Nadu 600093, India",13.0554618,80.20397299999999,4.4,1072,ChIJj8dkSsdmUjoRbc_8MLvAjF8,https://www.google.com/maps/place/?q=place_id:ChIJj8dkSsdmUjoRbc_8MLvAjF8,Yes,"5/3, Singaravelu St, Thiru Nagar Colony, Gandhi Nagar, Saligramam, Chennai, Tamil Nadu 600093, India",0.44
103,207,LOC_10,Kodabakkam,Naturals Signature Salon,"Raymonds Shop, AVICHI HIGHER SECONDARY SCHOOL, No.87, Arcot Rd, AVM Nagar, Saligramam, Chennai, Tamil Nadu 600093, India",13.0475892,80.1964168,4.8,2763,ChIJodImr89mUjoRSoZ_fAJu18I,https://www.google.com/maps/place/?q=place_id:ChIJodImr89mUjoRSoZ_fAJu18I,Yes,"No 886/A, Munusamy Salai, KK Nagar West, K. K. Nagar, Chennai, Tamil Nadu 600078, India",0.85
104,209,LOC_1,"Kolathur, Ambedkar Naga",Naturals Salon,"1st Floor, 9, 200 Feet Road, near Temple School, Ambedkar Nagar, Kolathur, Chennai, Tamil Nadu 600099, India",13.1261842,80.2073025,4.8,873,ChIJdUIn2uNlUjoRT23jU-onTwM,https://www.google.com/maps/place/?q=place_id:ChIJdUIn2uNlUjoRT23jU-onTwM,Yes,"1st Floor, No 20 &amp, 21, Murugan Kovil St, opposite Indian Bank, Vivekananda Nagar, Senthil Nagar, Kolathur, Chennai, Tamil Nadu 600099, India",0.64
105,210,LOC_2,"Kolathur, Ambedkar Naga",Naturals Salon,"28, Secretariat Colony 1st St, near Secretariat Colony, Secretariat Nagar, Vinayakapuram, Kolathur, Chennai, Tamil Nadu 600099, India",13.135679,80.20971440000001,4.5,1067,ChIJgXiVF_NkUjoRVOfgDiCNE6I,https://www.google.com/maps/place/?q=place_id:ChIJgXiVF_NkUjoRVOfgDiCNE6I,No,None,0.0
106,213,LOC_1,"Kolathur, Senthil Nagar",Naturals Salon,"1st Floor, No 20 &amp, 21, Murugan Kovil St, opposite Indian Bank, Vivekananda Nagar, Senthil Nagar, Kolathur, Chennai, Tamil Nadu 600099, India",13.1254113,80.2014471,4.9,602,ChIJ2dT-eERlUjoR_5wOcsFcib4,https://www.google.com/maps/place/?q=place_id:ChIJ2dT-eERlUjoR_5wOcsFcib4,Yes,"1st Floor, 9, 200 Feet Road, near Temple School, Ambedkar Nagar, Kolathur, Chennai, Tamil Nadu 600099, India",0.64
107,217,LOC_1,Korattur,Naturals Salon,"Plot No H 15, Central Ave, above Shri Ganesh Bhavan Hotel, Periyar Nagar, Venkatraman Nagar, Korattur, Chennai, Tamil Nadu 600080, India",13.1078513,80.18475579999999,4.8,1600,ChIJXedKXYljUjoRYIGICYgbBdM,https://www.google.com/maps/place/?q=place_id:ChIJXedKXYljUjoRYIGICYgbBdM,No,None,0.0
108,218,LOC_1,Kottivakkam,Naturals Signature Salon,"No.1, 2 223, above UNION BANK OF INDIA, Karpagambal Nagar, Kottivakkam, Chennai, Tamil Nadu 600041, India",12.9732157,80.2584181,4.8,3760,ChIJkZqNtEZdUjoRNidYNEyXDWw,https://www.google.com/maps/place/?q=place_id:ChIJkZqNtEZdUjoRNidYNEyXDWw,Yes,"397, Old Mahabalipuram Road, near Oppo Service centre, Nehru Nagar, Perungudi, Chennai, Tamil Nadu 600096, India",0.93
109,219,LOC_1,Kotturpuram,Naturals Salon,"4th Main Rd, near Thatha Patti Park, above NILGIRIS, Kottur Gardens, Avvai Colony, Kotturpuram, Chennai, Tamil Nadu 600085, India",13.019681,80.2432283,4.6,792,ChIJdwcSyqRnUjoRI3UQJWA9AKU,https://www.google.com/maps/place/?q=place_id:ChIJdwcSyqRnUjoRI3UQJWA9AKU,No,None,0.0
110,220,LOC_1,Kovilambakkam,Naturals Salon,"No: 4/15, 2nd Floor, 200 FT Radial Road, 10th, Cross Street, S.Kolathur, Viduthalai Nagar, Kovilambakkam, Chennai, Tamil Nadu 600129, India",12.9481948,80.1996549,4.2,1058,ChIJweNq4s1dUjoRi2mnDw2Ij4A,https://www.google.com/maps/place/?q=place_id:ChIJweNq4s1dUjoRi2mnDw2Ij4A,Yes,"VGP Rajesh Nagar Park, No.8, Velachery Rd, Narayanapuram, Pallikaranai, Chennai, Tamil Nadu 600100, India",0.97
111,221,LOC_2,Kovilambakkam,"Naturals Salon Nanmangalam,","No 1/92A, Medavakkam Main Rd, above City Union Bank, Nanmangalam, Chennai, Tamil Nadu 600129, India",12.9418847,80.1826525,4.9,43,ChIJT1EkJhZfUjoRTl_050zJUP0,https://www.google.com/maps/place/?q=place_id:ChIJT1EkJhZfUjoRTl_050zJUP0,No,None,0.0
112,224,LOC_1,Kundrathur,Naturals Salon Kundrathur,"No 158 &amp, 68, Bazaar St, Kundrathur, Kanchipuram, Tamil Nadu 600069, India",12.9995163,80.09725089999999,4.9,1174,ChIJ5SIETnSLUjoRUF_5WWtEtt8,https://www.google.com/maps/place/?q=place_id:ChIJ5SIETnSLUjoRUF_5WWtEtt8,No,None,0.0
113,231,LOC_5,Madipakkam,Naturals Salon,"20, Rajeshwari Nagar Main Rd, Balaji Nagar, Puzhuthivakkam, Ponnusamy Nagar, Perumal, Chennai, Tamil Nadu 600091, India",12.9737425,80.1916201,4.7,1075,ChIJGzLiouNdUjoRDozTmVh2BVM,https://www.google.com/maps/place/?q=place_id:ChIJGzLiouNdUjoRDozTmVh2BVM,Yes,"No B82, 2nd Floor, Jagadamba Complex, M.G.R. Rd, near Vetrivel Theater, Hindu Colony, Nanganallur, Chennai, Tamil Nadu 600061, India",0.96
114,238,LOC_1,Mangadu,Naturals Salon,"Thulasi Doss Nagar, No 33, Kundrathur Main Road, Astha Lakshmi Nagar, Kumananchavadi, Poonamallee, Chennai, Tamil Nadu 600056, India",13.0395044,80.1134924,4.7,1100,ChIJZdX-Eu5hUjoRgkNQxEBESEg,https://www.google.com/maps/place/?q=place_id:ChIJZdX-Eu5hUjoRgkNQxEBESEg,Yes,"70, Trunk Rd, Karayanchavadi, Poonamallee, Chennai, Tamil Nadu 600056, India",0.86
115,239,LOC_1,Maraimalai Nagar,Naturals Salon,"51 HIG Vallal Mgr Salai, Grand Southern Trunk Rd, NH-1, Maraimalai Nagar, Tamil Nadu 603209, India",12.7966626,80.02168429999999,4.7,2978,ChIJZUlr3-L5UjoRTB7pO8UsaFs,https://www.google.com/maps/place/?q=place_id:ChIJZUlr3-L5UjoRTB7pO8UsaFs,No,None,0.0
116,240,LOC_1,Medavakkam,Naturals Salon,"No 7, Velachery Rd, opposite Nilgiris Super Market, United Colony, Vengaivasal, Medavakkam, Chennai, Tamil Nadu 600100, India",12.9184288,80.1886943,4.5,1003,ChIJWd8PJh9cUjoRsPVjWNl2llg,https://www.google.com/maps/place/?q=place_id:ChIJWd8PJh9cUjoRsPVjWNl2llg,No,None,0.0
117,241,LOC_2,Medavakkam,Naturals Salon,"188, 231, Velachery Rd, near Sai Sarovar Venture, Pallikaranai, Chengalpattu, Chennai, Tamil Nadu 600100, India",12.9360301,80.2042724,4.8,1963,ChIJiyon-K1dUjoRtPaJT09Wb7g,https://www.google.com/maps/place/?q=place_id:ChIJiyon-K1dUjoRtPaJT09Wb7g,No,None,0.0
118,242,LOC_3,Medavakkam,Naturals Salon,"Plot No 22, Indira Priyadarshini Nagar Kailash Nagar, near Hospital Road, Junction, Perumbakkam, Chennai, Tamil Nadu 600100, India",12.9036775,80.20774469999999,4.4,1718,ChIJ238xNXNcUjoRtIIw8MTQSOI,https://www.google.com/maps/place/?q=place_id:ChIJ238xNXNcUjoRtIIw8MTQSOI,No,None,0.0
119,244,LOC_5,Medavakkam,Naturals Sithalapakkam,"No 197A, 1st Floor, TNHB Colony, Mambakkam - Medavakkam Main Rd, opposite ICICI Bank, Sithalapakkam, Mambakkam, Chennai, Tamil Nadu 600126, India",12.8920011,80.17759219999999,4.7,1658,ChIJs2DV8q9ZUjoR4pa3jpflOGE,https://www.google.com/maps/place/?q=place_id:ChIJs2DV8q9ZUjoR4pa3jpflOGE,No,None,0.0
120,247,LOC_8,Medavakkam,Naturals Signature Salon,"1, Sristi Arcade, Sristi First Avenue, Cheran Nagar, Perumbakkam, Chennai, Tamil Nadu 600100, India",12.8962646,80.19810849999999,4.9,422,ChIJ5dJscNpbUjoRxlwAVwOEggE,https://www.google.com/maps/place/?q=place_id:ChIJ5dJscNpbUjoRxlwAVwOEggE,No,None,0.0
121,251,LOC_1,Mogaippar - Eri Scheme,Naturals Salon,"No B20, 1st Floor, Church Rd, opposite Ellahi Super Market, Mogappair Industrial Estate, Mogappair Eri Scheme, Mogappair East, Chennai, Tamil Nadu 600037, India",13.0760351,80.1813142,4.9,277,ChIJlW5oj6BhUjoRQyENc721zc8,https://www.google.com/maps/place/?q=place_id:ChIJlW5oj6BhUjoRQyENc721zc8,Yes,"No 1 C8 Kamaraj Square, Valayapathi St, Mogappair East, Chennai, Tamil Nadu 600037, India",0.95
122,261,LOC_7,Mogappair,Natural Ice Cream Parlour,"35QH+4VR, Thiruvalluvar Salai, Thiruvalluvar Nagar, J J Nagar, Mogappair East, Chennai, Tamil Nadu 600050, India",13.0878656,80.1796511,3.9,125,ChIJkYQSUfpjUjoRAZngZc8y1ds,https://www.google.com/maps/place/?q=place_id:ChIJkYQSUfpjUjoRAZngZc8y1ds,Yes,"Plot No R48, Door No 157, Tvs Avenue main road, Main Road, Anna Nagar, near Chennai Public School, TVS Colony, Chennai, Tamil Nadu 600101, India",0.98
123,262,LOC_8,Mogappair,Natural Fresh,"NO: 1/8, BAZZAR ROAD, OPP TO M.M.M.HOSPITAL, EAST MUGAPPAIR school), Chennai, Tamil Nadu 600037, India",13.0836016,80.1730906,3.0,1,ChIJe6r8hONjUjoRLtqrZ9jd894,https://www.google.com/maps/place/?q=place_id:ChIJe6r8hONjUjoRLtqrZ9jd894,Yes,"AGP Saantham Building, 4/750, 4th Block, Mogappair West, Ambattur Industrial Estate, Chennai, Tamil Nadu 600037, India",0.62
124,263,LOC_9,Mogappair,Naturally Yours,"Thiruvalluvar Salai, Block 11, J J Nagar, Mogappair East, Chennai, Tamil Nadu 600037, India",13.0826994,80.180015,4.1,17,ChIJl4yqRfxjUjoRgDNMWmknmOo,https://www.google.com/maps/place/?q=place_id:ChIJl4yqRfxjUjoRgDNMWmknmOo,Yes,"No 1 C8 Kamaraj Square, Valayapathi St, Mogappair East, Chennai, Tamil Nadu 600037, India",0.88
125,266,LOC_1,Moulivakkam,Naturals Salon Moulivakkam,"5/214, Kundrathur Main Rd, Rajiv Gandhi Nagar, Moulivakkam, Chennai, Tamil Nadu 600116, India",13.0191528,80.1424103,4.6,477,ChIJYZa1DVhgUjoRcBiCa4pApyE,https://www.google.com/maps/place/?q=place_id:ChIJYZa1DVhgUjoRcBiCa4pApyE,Yes,"1st & 2nd Floor, 173, Sankaralinganar St, above Apollo, Gerugambakkam, Chennai, Tamil Nadu 600122, India",0.97
126,267,LOC_2,Moulivakkam,Naturals Salon,"No 1, 1st Floor, Thirupurasundari Avenue, Mugalivakkam Main Rd, Subbiah Nagar, Thiripurasundari Avenue, Mugalivakkam, Chennai, Tamil Nadu 600125, India",13.0217831,80.1531722,4.9,975,ChIJXfh6HY9hUjoREBOBIWU-0GY,https://www.google.com/maps/place/?q=place_id:ChIJXfh6HY9hUjoREBOBIWU-0GY,No,None,0.0
127,275,LOC_8,Mudichur,Naturals Salon,"Amaanath Tower 8th Street Corner, W Near, Mudichur Rd, Krishna Nagar, Tambaram, Chennai, Tamil Nadu 600045, India",12.9222974,80.0957184,4.6,1179,ChIJtzsp1wD1UjoR5sZ5YfZ4htc,https://www.google.com/maps/place/?q=place_id:ChIJtzsp1wD1UjoR5sZ5YfZ4htc,No,None,0.0
128,278,LOC_1,Mudichur Manimangalam,Naturals Salon,"1st Floor, Nawab Habibulla Nagar, Plot No 26, Mudichur Rd, next to City Union Bank, Manimangalam, Chennai, Tamil Nadu 600048, India",12.9135642,80.0709372,4.9,795,ChIJIZ-Imdv1UjoRZmD64mN4OWo,https://www.google.com/maps/place/?q=place_id:ChIJIZ-Imdv1UjoRZmD64mN4OWo,No,None,0.0
129,281,LOC_4,Mudichur Manimangalam,Naturals Salon,"32A Kamarajar, Nehru Nedunchalai, above Indian Bank, New Perungalathur, Chennai, Tamil Nadu 600063, India",12.9051863,80.09334439999999,4.8,1948,ChIJadpDL731UjoRjsUoPGRcFNs,https://www.google.com/maps/place/?q=place_id:ChIJadpDL731UjoRjsUoPGRcFNs,No,None,0.0
130,290,LOC_1,Mylapore,Naturals Signature Salon,"2nd Floor, 36, Dr Radha Krishnan Salai, Sullivan Garden, Mylapore, Chennai, Tamil Nadu 600004, India",13.0443041,80.2666764,4.6,1284,ChIJIc_tNi5mUjoRx4Cp4l1o9RI,https://www.google.com/maps/place/?q=place_id:ChIJIc_tNi5mUjoRx4Cp4l1o9RI,Yes,"No.220, Mowbrays Flats, TT Krishnamachari Rd, next to Dr.Agarwals Eye Hospital, Alwarpet, Chennai, Tamil Nadu 600018, India",0.78
131,291,LOC_2,Mylapore,Naturals Salon,"28/10, Venkataswamy St, opposite Apollo Pharmacy, Pattinapakkam, Santhome, Mylapore, Chennai, Tamil Nadu 600004, India",13.030194,80.275652,4.8,430,ChIJ05jy-4dnUjoR8hWlWTOTQok,https://www.google.com/maps/place/?q=place_id:ChIJ05jy-4dnUjoR8hWlWTOTQok,Yes,"SN 112/220, 1st Flr, Ramakrishna Mutt Rd Tiruchanur Tiruchanur, Sankarapuram, Mylapore, Chennai, Tamil Nadu 600004, India",0.95
132,292,LOC_3,Mylapore,Naturals Salon,"SN 112/220, 1st Flr, Ramakrishna Mutt Rd Tiruchanur Tiruchanur, Sankarapuram, Mylapore, Chennai, Tamil Nadu 600004, India",13.0322273,80.2671606,4.8,205,ChIJYZbz09JnUjoR_64SC_bUiFM,https://www.google.com/maps/place/?q=place_id:ChIJYZbz09JnUjoR_64SC_bUiFM,Yes,"No: 24-25, Venkatakrishna Rd, above Spencer's Daily, Perumal Koil Thottam, Ramakrishna Nagar, Mandaveli, Chennai, Tamil Nadu 600028, India",0.87
133,294,LOC_5,Mylapore,"Naturals Training Academy, Mylapore, Chennai","Naturals training academy Yellow pages, Bus Stop, 25, Dr Radha Krishnan Salai, Dwarka Colony, Mylapore, Chennai, Tamil Nadu 600004, India",13.0443993,80.2685532,4.8,117,ChIJcfuCXS5mUjoR0myCbISvHzs,https://www.google.com/maps/place/?q=place_id:ChIJcfuCXS5mUjoR0myCbISvHzs,Yes,"No.220, Mowbrays Flats, TT Krishnamachari Rd, next to Dr.Agarwals Eye Hospital, Alwarpet, Chennai, Tamil Nadu 600018, India",0.99
134,299,LOC_10,Mylapore,Naturals Salon,"No 16/33, KNR Building, Pycrofts Rd, near Triplicane, Bharathi Salai, Narayana Krishnaraja Puram, Triplicane, Chennai, Tamil Nadu 600005, India",13.0579474,80.2774512,4.3,827,ChIJZdY93Z9oUjoR2eL4Sj39ceI,https://www.google.com/maps/place/?q=place_id:ChIJZdY93Z9oUjoR2eL4Sj39ceI,Yes,"NO: 35, Bharathiyar Salai, Pycrofts Rd, Narayana Krishnaraja Puram, Triplicane, Chennai, Tamil Nadu 600005, India",0.04
135,300,LOC_1,Nanganallur,Naturals Salon,"No B82, 2nd Floor, Jagadamba Complex, M.G.R. Rd, near Vetrivel Theater, Hindu Colony, Nanganallur, Chennai, Tamil Nadu 600061, India",12.9767394,80.1833296,4.8,2252,ChIJ76BAHwZeUjoRZfig6Gu7jYI,https://www.google.com/maps/place/?q=place_id:ChIJ76BAHwZeUjoRZfig6Gu7jYI,Yes,"20, Rajeshwari Nagar Main Rd, Balaji Nagar, Puzhuthivakkam, Ponnusamy Nagar, Perumal, Chennai, Tamil Nadu 600091, India",0.96
136,303,LOC_1,Neelankarai,Naturals Salon & Spa Neelankarai,"2nd floor, pnb & yes bank, Manjula Complex, 14, SH 49, above to, Saraswathy Nagar North, Neelankarai, Chennai, Tamil Nadu 600041, India",12.9520182,80.2551613,4.4,344,ChIJs9Z-4CFdUjoRS4zx23zLqGo,https://www.google.com/maps/place/?q=place_id:ChIJs9Z-4CFdUjoRS4zx23zLqGo,No,None,0.0
137,304,LOC_1,Nellikuppam,Naturals Salon,"No. 1, MSM Nagar, Nellikuppam Rd, above Sriram Supermarket, Pankaja Ammal Nagar, Nandhivaram, Guduvancheri, Tamil Nadu 603202, India",12.8321819,80.0705337,4.8,2285,ChIJUeZzJcP3UjoRPBeWGO4ikRY,https://www.google.com/maps/place/?q=place_id:ChIJUeZzJcP3UjoRPBeWGO4ikRY,No,None,0.0
138,308,LOC_1,Old Mahabalipuram Road Karapakkam,Naturals Salon & Spa Siruseri,"Opposite Hiranandani Apts 149/8, Ambedkar street, Egatoor, Siruseri, Chennai, Tamil Nadu 603103, India",12.8333976,80.22861619999999,4.6,1768,ChIJlwqu3R9bUjoRFpJx3T3Bho8,https://www.google.com/maps/place/?q=place_id:ChIJlwqu3R9bUjoRFpJx3T3Bho8,Yes,"LGF, Marina Mall, 14 & 15, 13, Old Mahabalipuram Road, Egattur, Tamil Nadu 603103, India",0.26
139,309,LOC_2,Old Mahabalipuram Road Karapakkam,Naturals Signature Salon,"LGF, Marina Mall, 14 & 15, 13, Old Mahabalipuram Road, Egattur, Tamil Nadu 603103, India",12.8357351,80.2289208,4.7,173,ChIJV2Bk4khbUjoRZdA8Dx4nzaE,https://www.google.com/maps/place/?q=place_id:ChIJV2Bk4khbUjoRZdA8Dx4nzaE,Yes,"Opposite Hiranandani Apts 149/8, Ambedkar street, Egatoor, Siruseri, Chennai, Tamil Nadu 603103, India",0.26
140,310,LOC_3,Old Mahabalipuram Road Karapakkam,Naturals Salon,"No 2/62, New Pushpa Navin Complex, OMR Rd, above Shree Gupta Bhavan, Navalur, Chennai, Tamil Nadu 603103, India",12.8475503,80.226959,4.7,3441,ChIJp4gXqlZaUjoR0qOHmTRnuOg,https://www.google.com/maps/place/?q=place_id:ChIJp4gXqlZaUjoR0qOHmTRnuOg,No,None,0.0
141,311,LOC_4,Old Mahabalipuram Road Karapakkam,Naturals Salon,"PTC, Bus Stop, 4 690, Old Mahabalipuram Road, Chandrasekhar Avenue, Chennai, Thoraipakkam, Tamil Nadu 600097, India",12.9336606,80.2325268,4.4,1548,ChIJu2pBXv5cUjoRJ71srztNebM,https://www.google.com/maps/place/?q=place_id:ChIJu2pBXv5cUjoRJ71srztNebM,No,None,0.0
142,312,LOC_5,Old Mahabalipuram Road Karapakkam,Naturals Salon,"2nd floor, No: 637/2, Old Mamallapuram Rd, above Nilgiris, opposite Hindustan Engineering College, Kanchipuram, Padur, Tamil Nadu 603103, India",12.8039416,80.22361579999999,4.5,1692,ChIJTxjUBoNQUjoRcJGk9IRo_eA,https://www.google.com/maps/place/?q=place_id:ChIJTxjUBoNQUjoRcJGk9IRo_eA,No,None,0.0
143,322,LOC_9,Pallikaranai,Naturals,"VGP Rajesh Nagar Park, No.8, Velachery Rd, Narayanapuram, Pallikaranai, Chennai, Tamil Nadu 600100, India",12.9464694,80.2084642,3.6,98,ChIJhbOICDdeUjoRTKDdJNSdE-U,https://www.google.com/maps/place/?q=place_id:ChIJhbOICDdeUjoRTKDdJNSdE-U,Yes,"No: 4/15, 2nd Floor, 200 FT Radial Road, 10th, Cross Street, S.Kolathur, Viduthalai Nagar, Kovilambakkam, Chennai, Tamil Nadu 600129, India",0.97
144,339,LOC_1,Poonamallee,Naturals Salon & Spa Poonamallee,"35 Trunk road, Poonamallee, Chennai, Tamil Nadu 600056, India",13.0502767,80.0916827,4.1,519,ChIJr0N25HKKUjoRUOycZC_YKkQ,https://www.google.com/maps/place/?q=place_id:ChIJr0N25HKKUjoRUOycZC_YKkQ,No,None,0.0
145,349,LOC_1,Pudupakkam,Naturals Salon,"1st Floor, Shop No 1, Plot No 14, M.R Radha Rd, above HDFC Bank, Pudupakkam, Chennai, Tamil Nadu 603103, India",12.821405,80.20391339999999,5.0,188,ChIJP4Mohb1bUjoRoRshJPRqc4g,https://www.google.com/maps/place/?q=place_id:ChIJP4Mohb1bUjoRoRshJPRqc4g,No,None,0.0
146,384,LOC_1,Ramapuram,Naturals Salon,"Shop No 5 & 5b, Valluvar Salai Mgr Garden, opposite Home Finders Street, Apartments, Ramapuram, Kanchipuram, Tamil Nadu 600089, India",13.0251157,80.1829084,4.7,2669,ChIJhWfFztNgUjoRJCBCJGYXinw,https://www.google.com/maps/place/?q=place_id:ChIJhWfFztNgUjoRJCBCJGYXinw,No,None,0.0
147,387,LOC_1,"Royapuram, Mannarsamy Koil St",Naturals Unisex Hair And Style Salon,"No. 125, Mannarsamy Koil St, Mottai Thottam, Royapuram, Chennai, Tamil Nadu 600013, India",13.1095095,80.2915654,4.6,873,ChIJjUiDEWlvUjoR9bZBYnkO1O4,https://www.google.com/maps/place/?q=place_id:ChIJjUiDEWlvUjoR9bZBYnkO1O4,No,None,0.0
148,391,LOC_3,Saligramam,Shree Naturals,"5/3, Singaravelu St, Thiru Nagar Colony, Gandhi Nagar, Saligramam, Chennai, Tamil Nadu 600093, India",13.0574533,80.2075316,4.8,110,ChIJH-WIQsFmUjoRLVXT8LD75ao,https://www.google.com/maps/place/?q=place_id:ChIJH-WIQsFmUjoRLVXT8LD75ao,Yes,"first floor, A NO:13/51, Arunachalam Rd, opp. prasad lab, Mathiazhagan Nagar, Shanthi Nagar, Saligramam, Chennai, Tamil Nadu 600093, India",0.44
149,396,LOC_1,Semmancheri,Naturals Salon,"1st Flr, Plot No 10, DLF Garden City Rd, Semmancheri, Balaji Nagar, Semmancheri, Thazhambur, Chennai, Tamil Nadu 600130, India",12.8730153,80.2071745,4.9,552,ChIJ7Q9oF65bUjoROux3YqvNt6c,https://www.google.com/maps/place/?q=place_id:ChIJ7Q9oF65bUjoROux3YqvNt6c,No,None,0.0
150,399,LOC_4,Semmancheri,Naturals Unisex Salon Sholinganallur,"2A, Elcot Ave, Sholinganallur, Chennai, Tamil Nadu 600119, India",12.8969427,80.2269788,4.4,2274,ChIJPeVfv4dbUjoRuuquO98y1PQ,https://www.google.com/maps/place/?q=place_id:ChIJPeVfv4dbUjoRuuquO98y1PQ,Yes,"Plot No. C, Kothari Avenue, Kalaignar Karunanidhi Salai, KTK Town, Sholinganallur, Chennai, Tamil Nadu 600119, India",0.98
151,401,LOC_6,Semmancheri,Naturals Unisex Salon ECR Link Road,"Plot No. C, Kothari Avenue, Kalaignar Karunanidhi Salai, KTK Town, Sholinganallur, Chennai, Tamil Nadu 600119, India",12.8994235,80.2356697,4.7,1176,ChIJCbLW5wxdUjoRSkTBDc9Qtsw,https://www.google.com/maps/place/?q=place_id:ChIJCbLW5wxdUjoRSkTBDc9Qtsw,Yes,"2A, Elcot Ave, Sholinganallur, Chennai, Tamil Nadu 600119, India",0.98
152,402,LOC_7,Semmancheri,Naturals - Grand Re Launch ( New Management ),"Kanathur Raj Enclave Building, First Floor, Kanathur, Tamil Nadu 600119, India",12.8525668,80.2416202,4.0,126,ChIJKSNcE_1aUjoRlF9_SBdHXG8,https://www.google.com/maps/place/?q=place_id:ChIJKSNcE_1aUjoRlF9_SBdHXG8,No,None,0.0
153,414,LOC_3,Siruvallur High Road,Natural's Beauty Parlour,"No, 29, Paddy Field Rd, Chinnaiyan Colony, Perambur, Chennai, Tamil Nadu 600011, India",13.1095365,80.2492671,4.0,46,ChIJ042Rsb5lUjoRYA2PwelNi1I,https://www.google.com/maps/place/?q=place_id:ChIJ042Rsb5lUjoRYA2PwelNi1I,No,None,0.0
154,416,LOC_1,"South Red hills Road,Villivakkam",Naturals Salon,"No 83/30, Ground Floor South Redhills Road, Subway, near Villivakkam, Villivakkam, Tamil Nadu 600049, India",13.10835,80.2059646,4.7,1046,ChIJK33vY2lkUjoRMI15t2YLnJ4,https://www.google.com/maps/place/?q=place_id:ChIJK33vY2lkUjoRMI15t2YLnJ4,Yes,"Shop No 120, Ground Floor, Near Reliance Fresh, Madras Thiruvallur High Rd, Villivakkam, Chennai, Tamil Nadu 600049, India",0.81
155,417,LOC_2,"South Red hills Road,Villivakkam",Naturals Salon,"Shop No 120, Ground Floor, Near Reliance Fresh, Madras Thiruvallur High Rd, Villivakkam, Chennai, Tamil Nadu 600049, India",13.102398,80.2102846,4.7,1027,ChIJp2kx-T9kUjoRHALcSvusdOc,https://www.google.com/maps/place/?q=place_id:ChIJp2kx-T9kUjoRHALcSvusdOc,Yes,"No 83/30, Ground Floor South Redhills Road, Subway, near Villivakkam, Villivakkam, Tamil Nadu 600049, India",0.81
156,428,LOC_1,Sri Perubadur,Naturals Salon,"Car St, Nenmeli, Sriperumbudur, Tamil Nadu 602105, India",12.9694191,79.95106,4.6,994,ChIJiwlGNQ3zUjoRa4UE6AWtJZI,https://www.google.com/maps/place/?q=place_id:ChIJiwlGNQ3zUjoRa4UE6AWtJZI,No,None,0.0
157,444,LOC_10,Thillai Ganga Nagar,Naturals Makeup Hub,"F-3, 1st Floor, MMTC Colony Main Rd, Eswaran Colony, Lakshmi Nagar, AGS Colony, Nanganallur, Chennai, Tamil Nadu 600061, India",12.9710018,80.1860457,4.7,19,ChIJIxryzXdfUjoRScJscQ3uB9c,https://www.google.com/maps/place/?q=place_id:ChIJIxryzXdfUjoRScJscQ3uB9c,Yes,"20, Rajeshwari Nagar Main Rd, Balaji Nagar, Puzhuthivakkam, Ponnusamy Nagar, Perumal, Chennai, Tamil Nadu 600091, India",0.68
158,446,LOC_1,Thiruporur,Naturals Salon and Spa Thiruporur,"First Floor, No.2 ,West, N Mada St, Thiruporur, Tamil Nadu 603110, India",12.7265509,80.18816290000001,4.7,343,ChIJ4UMIKgpRUjoRnbFM9Z3jFx8,https://www.google.com/maps/place/?q=place_id:ChIJ4UMIKgpRUjoRnbFM9Z3jFx8,No,None,0.0
159,447,LOC_1,Thiruvanmiyur,Naturals Salon,"E Mada St, Lalitha Nagar, Thiruvanmiyur, Chennai, Tamil Nadu 600041, India",12.9858366,80.26208659999999,4.7,2306,ChIJdcnEb1ldUjoRDiwQM4oAPEU,https://www.google.com/maps/place/?q=place_id:ChIJdcnEb1ldUjoRDiwQM4oAPEU,No,None,0.0
160,451,LOC_2,Thoraipakkam,Naturals Salon,"1st Flr, Jeeva Cplx, No 581/A, 200 Feet Radial Rd, near 200 Feet Radial Road, Vinayaganagar, MCN Nagar Extension, Thoraipakkam, Chennai, Tamil Nadu 600096, India",12.9497189,80.23456350000001,4.0,944,ChIJN7i-LAddUjoRFhuyFqdLBNQ,https://www.google.com/maps/place/?q=place_id:ChIJN7i-LAddUjoRFhuyFqdLBNQ,No,None,0.0
161,453,LOC_1,Tiruvottiyur,Naturals Salon,"Bus Stop, 879, Thiruvottiyur High Rd, Theradi, Rajakadai, Tiruvottiyur, Tiruvallur, Tamil Nadu 600019, India",13.1600207,80.3025406,4.6,1209,ChIJu08uvNxvUjoRnU8vgmdp4qc,https://www.google.com/maps/place/?q=place_id:ChIJu08uvNxvUjoRnU8vgmdp4qc,No,None,0.0
162,460,LOC_6,Triplicane 2,NATURAL FRESH,"NO: 35, Bharathiyar Salai, Pycrofts Rd, Narayana Krishnaraja Puram, Triplicane, Chennai, Tamil Nadu 600005, India",13.0580999,80.2771253,3.7,25,ChIJT_J1v59oUjoRGDvRKmLBoUI,https://www.google.com/maps/place/?q=place_id:ChIJT_J1v59oUjoRGDvRKmLBoUI,Yes,"No 16/33, KNR Building, Pycrofts Rd, near Triplicane, Bharathi Salai, Narayana Krishnaraja Puram, Triplicane, Chennai, Tamil Nadu 600005, India",0.04
163,466,LOC_1,Valasaravakkam,Naturals,"RK Complex, Arcot Rd, Signal, Valasaravakkam, Chennai, Tamil Nadu 600087, India",13.0405872,80.17157279999999,4.3,296,ChIJVVWRbyRhUjoR9BVKFq8Qwrc,https://www.google.com/maps/place/?q=place_id:ChIJVVWRbyRhUjoR9BVKFq8Qwrc,Yes,"New No 96, Old 139, Arcot Rd, above Federal Bank, East Kamakoti Nagar, Valasaravakkam, Chennai, Tamil Nadu 600087, India",0.36
164,467,LOC_2,Valasaravakkam,Naturals Salon,"1st Floor, No 1, near Kesavarthini, Janaki Nagar, Alwartirunagar, Valasaravakkam, Chennai, Tamil Nadu 600087, India",13.0422957,80.1811036,4.4,555,ChIJJfJfYy5hUjoRccDlMLi0d3I,https://www.google.com/maps/place/?q=place_id:ChIJJfJfYy5hUjoRccDlMLi0d3I,Yes,"New No 96, Old 139, Arcot Rd, above Federal Bank, East Kamakoti Nagar, Valasaravakkam, Chennai, Tamil Nadu 600087, India",0.7
165,468,LOC_3,Valasaravakkam,Naturals Signature Salon,"New No 96, Old 139, Arcot Rd, above Federal Bank, East Kamakoti Nagar, Valasaravakkam, Chennai, Tamil Nadu 600087, India",13.0417011,80.17467119999999,4.8,690,ChIJVTkIp_BhUjoRk6rtnXy3AWU,https://www.google.com/maps/place/?q=place_id:ChIJVTkIp_BhUjoRk6rtnXy3AWU,Yes,"RK Complex, Arcot Rd, Signal, Valasaravakkam, Chennai, Tamil Nadu 600087, India",0.36
166,478,LOC_3,Valluvarkottam,Naturals Corporate Office,"3rd Floor, Ispahani Centre, 123 & 124, Nungambakkam High Rd, Thousand Lights West, Thousand Lights, Chennai, Tamil Nadu 600034, India",13.0552556,80.2497258,4.1,109,ChIJdZPEf0FmUjoR4GE2CIBFQG4,https://www.google.com/maps/place/?q=place_id:ChIJdZPEf0FmUjoR4GE2CIBFQG4,Yes,"No: 167, 2nd Floor, Yesde House, Valluvar Kottam High Rd, Ponnangipuram, Tirumurthy Nagar, Nungambakkam, Chennai, Tamil Nadu 600034, India",0.78
167,481,LOC_6,Valluvarkottam,Allure Unisex Salon,"11, Mahalingapuram Main Rd, Tirumurthy Nagar, Nungambakkam, Chennai, Tamil Nadu 600034, India",13.061936,80.2458864,4.2,43,ChIJKyBeA2lmUjoRMR0v6STUtRM,https://www.google.com/maps/place/?q=place_id:ChIJKyBeA2lmUjoRMR0v6STUtRM,Yes,"No: 167, 2nd Floor, Yesde House, Valluvar Kottam High Rd, Ponnangipuram, Tirumurthy Nagar, Nungambakkam, Chennai, Tamil Nadu 600034, India",0.76
168,498,LOC_8,"Velacherry, Phoenix Marketcity",G Krishna Naturals Velachery,"9/15 K.R Ramaswamy, nagar, Velachery Rd, Chennai, Tamil Nadu 600042, India",12.9891744,80.2218967,4.9,351,ChIJuysb8uRnUjoR4QBLZvGeARw,https://www.google.com/maps/place/?q=place_id:ChIJuysb8uRnUjoR4QBLZvGeARw,Yes,"No: G-38,No: 142 ,Lower Ground Floor, Velachery Rd, Indira Gandhi Nagar, Velachery, Chennai, Tamil Nadu 600042, India",0.56
169,499,LOC_9,"Velacherry, Phoenix Marketcity",Vinodhbamaa Makeup Artistry | Beautician Course in Chennai | Makeup Training Academy | Makeup course,"No 15, 3rd Floor Velachery Main Road, Velachery Land Mark : OPP Phoenix Mall, Chennai, Tamil Nadu 600042, India",12.9941391,80.2178131,4.9,617,ChIJjxuQz_ZdUjoRiHFw3bkLFL0,https://www.google.com/maps/place/?q=place_id:ChIJjxuQz_ZdUjoRiHFw3bkLFL0,Yes,"No: G-38,No: 142 ,Lower Ground Floor, Velachery Rd, Indira Gandhi Nagar, Velachery, Chennai, Tamil Nadu 600042, India",0.15
170,534,LOC_9,"Velachery, Vijayanagar",NATURAL CUT,"Saguram Complex, SaiPutra Rd, Vijaya Nagar, Velachery, Chennai, Tamil Nadu 600042, India",12.9764523,80.21959040000002,5.0,3,ChIJq2CUhTBdUjoRm97jO2H2x4g,https://www.google.com/maps/place/?q=place_id:ChIJq2CUhTBdUjoRm97jO2H2x4g,Yes,"38, Velachery Bypass Rd, above Dindukkal, Vijaya Nagar, Velachery, Thalapakati, Chennai, Tamil Nadu 600042, India",0.12
171,539,LOC_1,Vettuvankeni,Naturals Salon,"1st Floor, 3/192A, East Coast Rd, opposite Church, Mahatma Gandhi Nagar, Vettuvankeni, Chennai, Tamil Nadu 600115, India",12.9388093,80.2526082,4.9,566,ChIJHXQ-vnRdUjoRQHyiWkGAa3U,https://www.google.com/maps/place/?q=place_id:ChIJHXQ-vnRdUjoRQHyiWkGAa3U,No,None,0.0
